veredicto,sector,partido,promesa,verbo,plazo,justificacion,obstaculos,condiciones_para_viabilidad,fuentes
Se puede ejecutar,infraestructura,Acción Popular,"Garantizaremos la conservación y el uso adecuado de los inmuebles, monumentos, casonas y entornos patrimoniales, controlando intervenciones no autorizadas, publicidad que afecte el paisaje urbano y ocupaciones que deterioren el valor patrimonial del Centro Histórico.",Garantizaremos,Sin plazo definido,"La promesa se enmarca en competencias municipales de la MML: la Ley 27972 permite a las municipalidades provinciales promover la protección y conservación del patrimonio cultural dentro de su jurisdicción, colaborar en su control y restauración, y dictar normas sobre ornato y vigilar su cumplimiento; además, regula autorizaciones y fiscalización sobre construcciones, avisos publicitarios y propaganda, así como limitaciones especiales en zonas monumentales[1][12]. El ROF de la MML asigna a sus órganos funciones en cultura, fiscalización y gestión urbana, lo que habilita acciones de control sobre intervenciones no autorizadas, publicidad invasiva y ocupaciones que deterioren el Centro Histórico sin requerir una competencia externa[8][14]. En el presupuesto, el pliego 150101 ya existe y la restricción principal no es legal sino de capacidad operativa; no se advierte que la promesa dependa de un nuevo marco normativo para ser ejecutada en su versión de fiscalización y conservación ordinaria[3][13].","Capacidad operativa y presupuestal limitada del pliego 150101 para intensificar fiscalización, intervención física y control continuo en el Centro Histórico; además, las medidas de mayor alcance sobre bienes declarados monumento o autorizaciones específicas pueden requerir coordinación con el sector cultura.",,Ley Orgánica de Municipalidades - Ley N.° 27972: https://www.mef.gob.pe/contenidos/presu_publ/capacita/programacion_formulacion_presupuestal2012/Anexos/ley27972.pdf | Ordenanza N.° 2537 - ROF de la MML: https://busquedas.elperuano.pe/dispositivo/NL/2170330-1 | Consulta Amigable MEF - Pliego 150101 Municipalidad Metropolitana de Lima: https://apps5.mineco.gob.pe/ | Portal institucional de la Municipalidad Metropolitana de Lima: http://www.gob.pe/institucion/munilima/normas-legales?sheet=15
Se puede ejecutar,infraestructura,Ahora Nación,"La fiscalización municipal metropolitana garantizará el cumplimiento de las normas relacionadas con el transporte, el uso del suelo, la seguridad en edificaciones, la publicidad exterior y la ocupación de la vía pública.",garantizará,Sin plazo definido,"La promesa se ubica dentro de competencias propias de la MML: la Ley 27972 asigna a las municipalidades provinciales funciones de normar, regular, organizar, fiscalizar y controlar el transporte urbano y el uso de la vía pública (art. 81), además de fiscalización municipal general sobre servicios y cumplimiento de ordenanzas (art. 31); el ROF de la MML aprobado por Ordenanza 2537-2023-MML asigna a la GTU y áreas de fiscalización funciones de control y regulación del tránsito, interferencias, zonas rígidas y restricciones de circulación. La MML ya cuenta con estructura operativa para fiscalización, y el pliego 150101 tiene presupuesto institucional vigente, por lo que la acción de garantizar cumplimiento mediante fiscalización puede ejecutarse con el marco existente sin requerir una reforma normativa previa ni esperar al siguiente ejercicio. La promesa no crea una nueva competencia, sino que describe una función ya atribuida a la municipalidad en materias de transporte, uso del suelo en el ámbito municipal, seguridad en edificaciones, publicidad exterior y ocupación de la vía pública, aunque su alcance concreto dependerá de los procedimientos y capacidades de inspección ya vigentes.","Capacidad operativa y cobertura fiscalizadora limitada por el presupuesto y el personal del pliego 150101; no se advierte un impedimento de competencia, sino de intensidad de التنفيذ y coordinación interna.",,Ley Orgánica de Municipalidades - Ley 27972: https://www.congreso.gob.pe/Docs/DGP/DIDP/files/descentralizacion/27972.pdf | Ordenanza N.° 2537-2023-MML - ROF de la MML: https://busquedas.elperuano.pe/dispositivo/NL/2170330-1 | Consulta amigable MEF - Pliego 150101 Municipalidad Metropolitana de Lima: https://apps5.mineco.gob.pe/transparencia/Navegador/default.aspx | Portal institucional MML: https://www.munlima.gob.pe/
Se puede ejecutar,infraestructura,Alianza Electoral Venceremos,"Fiscalización electrónica contra estacionamiento indebido, invasión de vía y paraderos informales.",Fiscalización electrónica,Sin plazo definido,"La fiscalización municipal sobre estacionamiento indebido, invasión de vía y paraderos informales se encuadra en la competencia de la MML para fiscalizar servicios públicos locales y controlar el cumplimiento de normas de tránsito y transporte con apoyo de la PNP, conforme al artículo 9.2 y el artículo 73 de la Ley 27972; además, el ROF de la MML aprobado por Ordenanza 2537 organiza funciones de fiscalización y transporte metropolitano. La propia normativa citada sobre estacionamiento vehicular y el régimen sancionador municipal muestran que la municipalidad puede ejecutar control y sanción administrativa sin crear una competencia nueva. El compromiso puede implementarse con recursos y funciones ya existentes del pliego 150101, cuyo peso presupuestal es limitado, pero el carácter de fiscalización electrónica no exige por sí mismo una inversión nueva si se usa la capacidad operativa vigente de supervisión, Serenazgo, fiscalización y transporte metropolitano.","La eficacia depende de coordinación operativa con la PNP para intervenciones en tránsito y de la capacidad tecnológica ya disponible en el pliego 150101; si se pretendiera ampliar cobertura con cámaras, analítica o integración masiva de sistemas, podría requerir reasignación o ajuste presupuestal.",,Ley Orgánica de Municipalidades - Ley 27972: https://www.mef.gob.pe/contenidos/presu_publ/capacita/programacion_formulacion_presupuestal2012/Anexos/ley27972.pdf | Ordenanza N.° 2537 - ROF de la Municipalidad Metropolitana de Lima: https://busquedas.elperuano.pe/dispositivo/NL/2170330-1 | Consulta y normativa sobre estacionamiento vehicular y fiscalización municipal: https://www.sat.gob.pe/transparenciav2/Normas/descargar/LEY_27972_v3.pdf
Se puede ejecutar,infraestructura,Avanza País,"Se realizará un diagnóstico completo de los 43 distritos que incluirá información geoespacial actualizada, la identificación de puntos críticos, el inventario de infraestructura vulnerable, las brechas logísticas y las capacidades operativas existentes.",realizará,Sin plazo definido,"La promesa se ubica dentro de competencias municipales provinciales ya reconocidas por la Ley 27972: el artículo 79 asigna a las municipalidades provinciales el planeamiento y la organización del espacio físico, incluyendo catastro urbano y rural, zonificación, habilitación urbana y saneamiento físico legal; además, el artículo 73 vincula a las municipalidades con el desarrollo integral y el artículo 82 con la elaboración y mantenimiento del catastro urbano y rural. El ROF de la MML, aprobado por la Ordenanza 2537, organiza funciones internas compatibles con catastro, fiscalización, gestión territorial y soporte técnico, por lo que un diagnóstico distrital con información geoespacial, puntos críticos, inventario de infraestructura vulnerable y capacidades operativas puede ejecutarse con la estructura existente. En el pliego 150101, la MML registra un presupuesto institucional que, según la Consulta Amigable MEF, se consulta en tiempo real para PIA/PIM y ejecución; el dato crítico aportado es que su inversión per cápita es S/ 7.42, el menor del país, pero la promesa describe un diagnóstico y no una obra ni una expansión de servicios, por lo que no exige una modificación normativa ni un nuevo programa para su inicio.","La principal restricción es operativa y de articulación intergerencial: consolidar información actualizada de los 43 distritos exige coordinación entre áreas de catastro, fiscalización, transporte, gestión del riesgo, serenazgo y planeamiento; sin embargo, ello no desplaza la competencia municipal. El límite presupuestal existe por la baja inversión per cápita del pliego 150101, pero no impide de por sí un diagnóstico si se usan capacidades ya instaladas y bases de datos existentes.",null,Ley N.° 27972 - Ley Orgánica de Municipalidades: https://www.mef.gob.pe/es/normatividad/por-instrumento/leyes/6839-ley-n-27972-2/file | Ordenanza N.° 2537 - ROF de la Municipalidad Metropolitana de Lima: https://busquedas.elperuano.pe/dispositivo/NL/2170330-1 | Consulta Amigable MEF - Seguimiento de la ejecución presupuestal: https://www.mef.gob.pe/es/seguimiento-de-la-ejecucion-presupuestal-consulta-amigable
Se puede ejecutar,infraestructura,COALICION_TRANSFORMADORA_TIERRA_VERDE.pdf,"Implementación de la 'Red de Semáforos Inteligentes de Lima', centralizada en un cerebro informático inteligente capaz de alterar los tiempos de luz verde basándose en flujos vehiculares en tiempo real.",Implementación,Sin plazo definido,"La promesa se ubica dentro de la competencia propia de la Municipalidad Metropolitana de Lima: el artículo 81.1.3 de la Ley 27972 le asigna a las municipalidades provinciales normar, regular, organizar y mantener los sistemas de señalización y semáforos, y el artículo 161.7.3 atribuye a la MML planificar, regular, organizar y mantener la red vial metropolitana y los sistemas de semáforos. El ROF de la MML, aprobado por Ordenanza 2537, asigna a la Gerencia de Movilidad Urbana y su Subgerencia de Ingeniería de Tránsito funciones para regular, organizar, implementar, mantener y renovar los sistemas semafóricos y de señalización. Por tanto, la implementación de una red de semáforos inteligentes es una acción de gestión municipal que puede ejecutarse con las estructuras y funciones vigentes; no requiere una nueva competencia ni depende de otra entidad para el acto administrativo y técnico principal.","El principal límite es presupuestal y de capacidad de ejecución en el pliego 150101, que tiene la menor inversión per cápita del país según el contexto aportado; además, una red inteligente integral exige adquisición tecnológica, integración de centros de control, mantenimiento y eventual coordinación con vías y semaforización distrital. Si la intervención supera el PIA/PIM vigente o no cuenta con proyecto ya programado, la ejecución física completa puede quedar restringida por disponibilidad de crédito presupuestario.",,Ley Orgánica de Municipalidades - Ley N.° 27972: https://www.congreso.gob.pe/Docs/DGP/DIDP/files/descentralizacion/27972.pdf | Ley Orgánica de Municipalidades - texto concordado: https://www.mef.gob.pe/contenidos/presu_publ/capacita/programacion_formulacion_presupuestal2012/Anexos/ley27972.pdf | ROF de la Municipalidad Metropolitana de Lima - Ordenanza 2537: https://busquedas.elperuano.pe/dispositivo/NL/2170330-1 | MML - Portal institucional: https://www.transparencia.gob.pe/enlaces/pte_transparencia_enlaces.aspx?id_entidad=1434&id_tema=5&ver=D
Se puede ejecutar,infraestructura,Demócrata Verde,"La Municipalidad de Lima Metropolitana, promoverá los proyectos de asociaciones público-privadas (APP), iniciativas privadas autofinanciadas y/o proyectos en activos de iniciativas privadas, aplicado y utilizando la Certificación del Sistema de Gestión de la Calidad (ISO 9001:2015) y de Gestión Antisoborno (ISO 37001-2016) en sus procesos de inversión público-privada y proyectos en activos.",promoverá,Sin plazo definido,"La promesa se mantiene dentro de la competencia municipal porque la Ley 27972 permite a la MML promover inversión privada en proyectos de interés local y aprobar concesiones u otras formas de participación privada en infraestructura y servicios públicos municipales, conforme a los artículos 73.4, 32 y 35. Además, el rol de la municipalidad es promotor, normativo y regulador en materias de su competencia, por lo que “promover” APP, iniciativas privadas autofinanciadas y proyectos en activos es jurídicamente compatible con su función. El componente de aplicar certificaciones ISO 9001:2015 e ISO 37001:2016 también es ejecutable como estándar interno de gestión sin requerir asumir competencia ajena; no obstante, la viabilidad operativa depende de que la MML ya tenga una unidad o gerencia de promoción de inversión privada y presupuesto de gestión suficiente en el pliego 150101, que es el de menor inversión per cápita del país.","No hay obstáculo de competencia material, pero sí un límite operativo: la promesa no garantiza la aprobación de APP o proyectos en activos, que dependen de expedientes, evaluación técnica, y del marco especial aplicable; además, la adopción/expansión de certificaciones ISO exige recursos de implementación, auditoría y mantenimiento dentro del presupuesto institucional del pliego 150101.",,Ley Orgánica de Municipalidades - Ley 27972: https://www.leyes.congreso.gob.pe/Documentos/Leyes/27972.pdf | Ley Orgánica de Municipalidades - Ley 27972 (compendio MEF): https://www.mef.gob.pe/contenidos/presu_publ/capacita/programacion_formulacion_presupuestal2012/Anexos/ley27972.pdf | Ordenanza Municipal N.° 2537: https://busquedas.elperuano.pe/dispositivo/NL/2170330-1 | Portal de Transparencia - Municipalidad Metropolitana de Lima: https://www.transparencia.gob.pe/enlaces/pte_transparencia_enlaces.aspx?id_entidad=1434&id_tema=5&ver=D
Se puede ejecutar,infraestructura,Frente de la Esperanza,"Modernizar la gestión municipal, Movilidad urbana – Protránsito, y se convierta en Centro Metropolitano Inteligente de Gestión del Tránsito.",Modernizar,Sin plazo definido,"La promesa es compatible con las competencias de la MML porque la Ley 27972 atribuye a las municipalidades provinciales normar, regular, organizar, mantener sistemas de señalización y semáforos, y regular el tránsito urbano de peatones y vehículos; además, la MML tiene funciones metropolitanas de planificar, regular y gestionar el tránsito urbano y la red vial metropolitana. El ROF de la MML, aprobado por la Ordenanza 2537 y modificatorias, asigna funciones operativas vinculadas a estudios, regulación, interferencias de vías, zonas rígidas, sentido de circulación y restricciones vehiculares, lo que permite crear o reforzar un centro de gestión del tránsito dentro de su estructura vigente. Dado que el pliego 150101 cuenta con presupuesto propio y la materia está dentro de su ámbito, la modernización de la gestión y el componente Protránsito pueden ejecutarse con los instrumentos ya existentes, sin requerir una nueva competencia ni una transferencia de otra entidad.","La limitación concreta es operativa y presupuestal: la promesa exige capacidad tecnológica, personal y articulación interna, pero no se identifica un obstáculo competencial externo; si se pretendiera expandir el alcance fuera de las funciones metropolitanas o adquirir nueva infraestructura no prevista en el PIM, requeriría programación presupuestal.","Si la mejora tecnológica o el Centro Metropolitano Inteligente demandan equipamiento, software o ampliación de servicios no contemplados, su habilitación dependería de una modificación presupuestaria del PIA/PIM o de su programación en el siguiente ejercicio fiscal mediante los canales presupuestales del pliego 150101.",Ley Orgánica de Municipalidades - Ley N° 27972: https://www.congreso.gob.pe/Docs/DGP/DIDP/files/descentralizacion/27972.pdf | ROF de la Municipalidad Metropolitana de Lima - Ordenanza N° 2537-2023-MML: https://busquedas.elperuano.pe/dispositivo/NL/2170330-1 | Consulta Amigable MEF - Pliego 150101 Municipalidad Metropolitana de Lima: https://apps5.mineco.gob.pe/transparencia/Navegador/default.aspx
Se puede ejecutar,infraestructura,Fuerza Ciudadana,Mejoramiento de vías metropolitanas.,Mejoramiento,Sin plazo definido,"La promesa encaja en competencias propias de la Municipalidad Metropolitana de Lima: el artículo 161.7.3 de la Ley 27972 le asigna “planificar, regular, organizar y mantener la red vial metropolitana, los sistemas de señalización y semáforos”, y el artículo 81.1.3 atribuye a las municipalidades provinciales normar y mantener la señalización y semáforos del tránsito urbano. Además, la MML ya cuenta con funciones internas para intervenir en infraestructura vial mediante su ROF aprobado por Ordenanza 2537 y modificatorias, incluyendo gestión de ingeniería de tránsito y regulación vial. En el presupuesto, el pliego 150101 de la MML para 2026 existe y habilita gasto para obras y mantenimiento vial dentro de su programación; por ello, “mejoramiento de vías metropolitanas” puede ejecutarse con competencias y marco normativo ya vigentes, sin exigir una nueva habilitación legal para la acción en sí.","La ejecución está limitada por la disponibilidad real del PIM del pliego 150101, la priorización de inversiones y la capacidad de contratación y obra de la propia MML; si el alcance de la mejora supera lo programado, requerirá reprogramación presupuestal o financiamiento adicional dentro del pliego.",,Ley Orgánica de Municipalidades - Ley 27972: https://jurispol.pe/ley-organica-de-municipalidades-ley-27972/ | Ley Orgánica de Municipalidades - Ley 27972 (MEF): https://www.mef.gob.pe/contenidos/presu_publ/capacita/programacion_formulacion_presupuestal2012/Anexos/ley27972.pdf | Ordenanza N.° 2537-2023-MML: https://busquedas.elperuano.pe/dispositivo/NL/2170330-1 | Ordenanza modificatoria del ROF de la MML: https://busquedas.elperuano.pe/dispositivo/NL/2359036-1 | Portal de ordenanzas metropolitanas: https://portal.imp.gob.pe/Normas_Urbanisticas/metropolitano/ordenanzas-mml.html | Municipalidad Metropolitana de Lima - Transparencia: https://www.transparencia.gob.pe/enlaces/pte_transparencia_enlaces.aspx?id_entidad=1434&id_tema=5&ver=D
Se puede ejecutar,infraestructura,Fuerza Popular,"Plan 'Lima Fluye': Automatización del control del trafico mediante una red de seméforos inteligentes centralizados con IA para ajustar tiempos de ciclo en tiempo real, eliminando cuellos de botella en los ejes arteriales más críticos de la ciudad.",Automatización,Sin plazo definido,"La promesa se ubica dentro de una competencia propia de la MML: el artículo 81.1.3 de la Ley 27972 le atribuye a las municipalidades provinciales normar, regular, organizar y mantener los sistemas de señalización y semáforos, y el artículo 161.7.3 reconoce a la MML la función de planificar, regular, organizar y mantener la red vial metropolitana y los sistemas de señalización y semáforos. Además, el ROF metropolitano asigna a la Subgerencia de Ingeniería del Tránsito la función de regular, organizar, instalar, mantener y renovar los sistemas de señalización y semáforos en la provincia de Lima, y ya existen criterios técnicos metropolitanos para implementación de semaforización aprobados por decreto de alcaldía. El pliego 150101 cuenta con presupuesto propio, aunque reducido, pero la acción descrita puede ejecutarse como gestión e inversión dentro de competencias vigentes sin requerir una norma habilitante nueva ni esperar el siguiente ejercicio fiscal.","El principal obstáculo es presupuestal y operativo: la red de semáforos inteligentes centralizados con IA exige adquisición, integración tecnológica, mantenimiento y eventual interoperabilidad con sistemas existentes, todo ello con un pliego 150101 de inversión per cápita muy bajo. También puede requerir priorización técnica de corredores y coordinación con el sistema vial y el tránsito metropolitano ya existente.",,Ley Orgánica de Municipalidades - Ley N° 27972: https://www.congreso.gob.pe/Docs/DGP/DIDP/files/descentralizacion/27972.pdf | Decreto de Alcaldía N° 13-2022 - Criterios Técnicos Mínimos para la Implementación de Equipos y Sistemas de Semaforización: http://www.normaslegalesonline.pe/clp/contenidos.dll/Legislacion/1736024/1757916/1758197/1758214?fn=document-frame.htm$f=templates$3.0 | Plataforma institucional de transparencia de la Municipalidad Metropolitana de Lima: https://www.transparencia.gob.pe/enlaces/pte_transparencia_enlaces.aspx?id_entidad=1434&id_tema=5&ver=D
Se puede ejecutar,infraestructura,Juntos por el Perú,"Se implementará un Dashboard Metropolitano de Datos Abiertos que permita visualizar en tiempo real información clave sobre la gestión urbana, bajo estándares internacionales de gobierno abierto y utilizando plataformas tipo Comprehensive Knowledge Archive Network (CKAN).",Se implementará,Sin plazo definido,"La promesa se ubica dentro de las competencias de gestión, transparencia y gobierno digital de la MML, no en una función reservada al gobierno nacional; la Ley 27972 reconoce a los gobiernos locales potestad promotora, normativa, reguladora, de ejecución y fiscalización en sus materias, y además les exige contar con portales de transparencia en Internet (art. 148).[1] El ROF de la MML aprobado por Ordenanza 2537 y sus modificatorias, así como las modificaciones recientes al ROF, muestran que la entidad ya cuenta con una Oficina/Gerencia de Gobierno Digital y publicación obligatoria en su portal institucional, por lo que un dashboard con datos abiertos puede implementarse con la estructura orgánica vigente.[2][3] El portal de transparencia de la MML y su presencia institucional en gob.pe ya evidencian servicios y publicación de información, y la categoría del compromiso no depende de crear una nueva competencia ni de una ley especial; el requisito práctico es alinear la integración de datos y su visualización a los sistemas existentes del pliego 150101.[3][4] Aunque el presupuesto per cápita del pliego 150101 es reducido, el enunciado no exige una inversión mayor ni una obra física, sino la implementación de una capa de visualización y publicación de datos, por lo que puede ejecutarse en la gestión actual con recursos ordinarios ya disponibles si se prioriza internamente.[5]","Necesita disponibilidad operativa de datos consolidados entre unidades orgánicas, compatibilidad con los sistemas de información municipales y priorización interna del gasto corriente del pliego 150101; si se busca interoperabilidad avanzada o automatización en tiempo real, puede requerir desarrollo tecnológico adicional.",,Ley Orgánica de Municipalidades - Ley N.° 27972: https://www.congreso.gob.pe/Docs/DGP/DIDP/files/descentralizacion/27972.pdf | Ordenanza N.° 2537 - ROF de la Municipalidad Metropolitana de Lima: https://busquedas.elperuano.pe/dispositivo/NL/2170330-1 | Modificación del ROF de la MML: https://busquedas.elperuano.pe/dispositivo/NL/2359036-1 | Portal de Transparencia - Municipalidad Metropolitana de Lima: https://www.transparencia.gob.pe/enlaces/pte_transparencia_enlaces.aspx?id_entidad=1434&id_tema=5&ver=D | Archivo Digital de la Legislación del Perú - Ley 27972: https://leyes.congreso.gob.pe/DetLeyNume_1p.aspx?xNorma=6&xNumero=27972&xTipoNorma=0
Se puede ejecutar,infraestructura,PARTIDO_PATRIOTICO_DEL_PERU,"La movilidad urbana se desarrollará bajo criterios de eficiencia, conectividad e integración territorial, reduciendo progresivamente los tiempos de desplazamiento de la población, optimizando la gestión del tránsito y fortaleciendo los principales corredores metropolitanos mediante soluciones innovadoras orientadas a mejorar la calidad de vida de millones de ciudadanos.",desarrollará,Sin plazo definido,"La promesa se ubica dentro de las competencias propias de la MML como municipalidad provincial: la Ley 27972 le atribuye normar, regular y planificar el transporte terrestre a nivel provincial, regular el servicio público de transporte urbano, mantener señalización y semáforos, y regular el tránsito urbano de peatones y vehículos (art. 81, numerales 1.1, 1.2 y 1.3). El ROF de la MML (Ordenanza 2537) asigna a la Gerencia/área de movilidad funciones de planificar y regular el tránsito, así como evaluar y autorizar interferencias de vías y modificaciones de circulación, por lo que el contenido del compromiso puede ejecutarse con funciones ya vigentes. Además, la propia oferta no exige crear una obra puntual ni una nueva competencia; describe una orientación de gestión que puede implementarse hoy con regulación, fiscalización y ordenamiento del tránsito dentro del pliego 150101, sin requerir una ley nueva ni esperar el siguiente ejercicio fiscal.","La MML no controla por sí sola la infraestructura vial nacional ni la PNP, y el resultado final de reducción de tiempos depende de factores fuera de su control directo; además, el pliego 150101 tiene restricción presupuestal estructural y la inversión per cápita es la menor del país (S/ 7.42 en el Proyecto de Presupuesto 2025), lo que limita el alcance de soluciones de alto costo.","Si se pretendiera traducir la promesa en intervenciones de mayor escala, requeriría priorización interna del PIM/PIA del pliego 150101, uso de las funciones ya asignadas en el ROF y, para obras o servicios adicionales, programación en el presupuesto del siguiente ejercicio o convenios de coordinación interinstitucional; no obstante, para la formulación general del compromiso no es indispensable una ordenanza nueva.",Ley Orgánica de Municipalidades - Ley N.° 27972: https://www.congreso.gob.pe/Docs/DGP/DIDP/files/descentralizacion/27972.pdf | Ordenanza N.° 2537-2023-MML - ROF de la MML: https://busquedas.elperuano.pe/dispositivo/NL/2170330-1 | Consulta Amigable MEF - Pliego 150101: https://apps5.mineco.gob.pe/transparencia/Navegador/default.aspx | Ordenanzas Metropolitanas - Portal IMP: https://portal.imp.gob.pe/Normas_Urbanisticas/metropolitano/ordenanzas-mml.html
Se puede ejecutar,infraestructura,Partido Aprista Peruano,Constituir el catastro metropolitano como infraestructura de datos de la ciudad,Constituir,Sin plazo definido,"La Ley 27972 atribuye a las municipalidades provinciales la función específica de elaborar y mantener el catastro urbano y rural, y en el caso metropolitano de Lima la competencia alcanza el catastro metropolitano; además, el ROF de la MML aprobado por Ordenanza 2537 y sus modificatorias organiza esa función dentro de su estructura institucional[1][2][3]. La promesa se limita a constituir el catastro como infraestructura de datos de la ciudad, lo que encaja con una acción de gestión y estandarización interna que la MML ya puede ejecutar sin requerir una ley nueva ni una transferencia externa, siempre que use sus áreas competentes y su presupuesto vigente del pliego 150101[1][2][3]. El riesgo principal no es competencial sino operativo y de inversión: el pliego 150101 de la MML es el de menor inversión per cápita del país, por lo que la implementación integral puede ser lenta, pero la formulación del compromiso sigue siendo ejecutable hoy dentro de sus atribuciones propias[3].","Limitación operativa y presupuestal del pliego 150101 para modernización, interoperabilidad y actualización masiva del catastro; no hay obstáculo de competencia municipal.",,Ley Orgánica de Municipalidades - Ley N.° 27972: http://www.sat.gob.pe/transparenciav2/Normas/descargar/LEY_27972_v3.pdf | Ordenanza N.° 2537 - ROF de la Municipalidad Metropolitana de Lima: https://busquedas.elperuano.pe/dispositivo/NL/2170330-1 | Municipalidad Metropolitana de Lima - Transparencia: https://www.transparencia.gob.pe/enlaces/pte_transparencia_enlaces.aspx?id_entidad=1434&id_tema=5&ver=D
Se puede ejecutar,infraestructura,Partido Cívico Obras,"Fomentar el transporte público masivo, ordenado e intermodal y potenciar la infraestructura para la micromovilidad.",Fomentar,Sin plazo definido,"La promesa se ubica dentro de la competencia municipal metropolitana: la Ley 27972 atribuye a la MML la facultad de regular el funcionamiento del transporte público y la circulación/tránsito metropolitano, así como planificar, regular y gestionar el transporte público y la red vial metropolitana; el ROF de la MML (Ordenanza 2537) asigna a la Gerencia de Movilidad Urbana funciones para formular, ejecutar y supervisar la regulación de movilidad urbana y del uso de vías e infraestructuras para movilidad sostenible. Además, la MML ya cuenta con instrumentos y servicios vinculados al transporte y a la movilidad urbana, por lo que el verbo ""fomentar"" puede ejecutarse hoy mediante gestión y fiscalización dentro de sus competencias, sin requerir una nueva competencia legal. El principal límite no es jurídico sino de escala presupuestal: el pliego 150101 de la MML tiene la menor inversión per cápita del país (S/ 7.42 en el proyecto de presupuesto 2025), por lo que una expansión material de infraestructura para micromovilidad queda condicionada a la priorización del PIA/PIM o a programación presupuestal adicional.","Limitación presupuestal para ampliar infraestructura de micromovilidad a mayor escala; la MML no controla por sí sola todos los elementos del sistema de transporte masivo, porque la articulación operativa del transporte urbano en Lima involucra entidades distintas dentro del sistema metropolitano.","Si se busca pasar de promoción general a obras o expansión física relevante, requiere priorización en el PIA/PIM de la MML, eventualmente una ordenanza metropolitana que desarrolle estándares o infraestructura específica para micromovilidad, y/o programación en el siguiente ejercicio fiscal con respaldo presupuestal.",Ley 27972 - Ley Orgánica de Municipalidades: https://img.lpderecho.pe/wp-content/uploads/2020/07/Ley-27972-LP.pdf | ROF de la Municipalidad Metropolitana de Lima - Ordenanza 2537: https://cdn.www.gob.pe/uploads/document/file/7617250/6461952-2-exposicion-de-motivos(2).pdf?v=1739465787 | Consulta Amigable del MEF: https://apps5.mineco.gob.pe/transparencia/Navegador/default.aspx | Portal de Transparencia MML: https://www.transparencia.gob.pe/enlaces/pte_transparencia_enlaces.aspx?id_entidad=1434&id_tema=5&ver=D
Se puede ejecutar,infraestructura,Partido Morado,Se remodelará la infraestructura física de espacios públicos.,remodelará,Sin plazo definido,"La remodelación de infraestructura física de espacios públicos encaja en las competencias municipales sobre vías y áreas públicas, bienes de dominio y uso público, y organización del espacio físico y uso del suelo previstas en la Ley 27972; además, el TC ha reconocido que las municipalidades tienen competencias sobre espacios públicos y potestad fiscalizadora sobre ellos. En la MML, el ROF aprobado por Ordenanza 2537 y modificatorias habilita funciones vinculadas con gestión urbana, ornato, parques y espacios públicos, por lo que la promesa puede ejecutarse con atribuciones ya existentes. No obstante, su alcance real depende del presupuesto disponible del pliego 150101, que en la data de referencia figura con inversión per cápita de S/ 7.42, el menor del país, lo que limita el volumen de intervenciones pero no impide acciones puntuales dentro del marco vigente.","Restricción presupuestal del pliego 150101 para ejecutar obras de mayor escala y posible necesidad de priorización dentro del PIM vigente; la promesa no identifica cartera, metas ni ubicación de los espacios públicos a intervenir.",,Ley Orgánica de Municipalidades - Ley N.° 27972: https://www.mef.gob.pe/es/normatividad/por-instrumento/leyes/6839-ley-n-27972-2/file | Ordenanza N.° 2537 - ROF de la Municipalidad Metropolitana de Lima: https://busquedas.elperuano.pe/dispositivo/NL/2170330-1 | Consulta Amigable MEF - Pliego 150101: https://apps5.mineco.gob.pe/transparencia/Navegador/default.aspx | Tribunal Constitucional - Exp. 00014-2021-AI: https://tc.gob.pe/jurisprudencia/2024/00014-2021-AI.htm
Se puede ejecutar,infraestructura,Partido Popular Cristiano PPC,"Consolidar un Sistema Metropolitano Integrado de Movilidad Urbana bajo el liderazgo de la Municipalidad Metropolitana de Lima, garantizando una gestión técnica, eficiente y coordinada del transporte público, reduciendo la congestión vehicular y mejorando la calidad del servicio para los ciudadanos.",Consolidar,Sin plazo definido,"La promesa se ubica dentro de la competencia municipal provincial de Lima: el artículo 81 de la Ley 27972 atribuye a las municipalidades provinciales normar, regular, planificar y gestionar el transporte público, así como regular el transporte urbano y otorgar licencias o concesiones de rutas. El ROF de la MML, aprobado por la Ordenanza 2537 y modificatorias, asigna a la Gerencia de Movilidad Urbana funciones de planificar, regular y gestionar el tránsito urbano de peatones y vehículos motorizados y no motorizados. En el pliego 150101 de la MML, la inversión per cápita es S/ 7.42, el menor del país, pero la promesa puede ejecutarse con las funciones y estructuras ya existentes sin requerir una ordenanza nueva ni esperar el siguiente ejercicio fiscal.","El principal límite es operativo y presupuestal: la MML no controla por sí sola a operadores privados, rutas interprovinciales ni al resto del sistema vial metropolitano sin coordinación interinstitucional, pero ello no desplaza su competencia legal directa en movilidad urbana.",,Ley Orgánica de Municipalidades - Ley 27972: https://www2.congreso.gob.pe/sicr/cendocbib/con4_uibd.nsf/bcd316201ca9cdca05258100005dbe7a/$file/1_2.compendio-normativo-ot.pdf | Ordenanza N° 2537 - ROF de la Municipalidad Metropolitana de Lima: https://busquedas.elperuano.pe/dispositivo/NL/2170330-1 | Exposición de motivos vinculada al ROF MML: https://cdn.www.gob.pe/uploads/document/file/7661373/6492068-3-exposicion-de-motivos.pdf?v=1740009472
Se puede ejecutar,infraestructura,Partido del Buen Gobierno,Activaremos espacios públicos recuperados.,Activaremos,Sin plazo definido,"La promesa se ubica dentro de competencias municipales de la MML porque la Ley 27972 le atribuye la administración del sistema metropolitano de parques, parques zonales y bienes de uso público, además de funciones de ornato y servicios públicos locales; la ordenanza marco de organización de la MML (Ordenanza 2537) canaliza esas funciones en sus órganos competentes. En el presupuesto público, la MML sí tiene pliego propio 150101 y puede operar con su PIM vigente para habilitar uso, reapertura o activación de espacios recuperados sin requerir una nueva competencia legal. Si el espacio público ya fue recuperado y solo falta ponerlo en uso mediante actividades de gestión, programación o mantenimiento menor, la ejecución puede realizarse hoy con las estructuras existentes de la MML.","No se evidencia un obstáculo de competencia si los espacios son de administración metropolitana; el límite aparece si la promesa exige obra nueva, inversión adicional no prevista o intervención sobre bienes cuya titularidad o administración no corresponde a la MML.",,Ley Orgánica de Municipalidades - Ley N.° 27972: https://www.mef.gob.pe/es/normatividad/por-instrumento/leyes/6839-ley-n-27972-2/file | Ley Orgánica de Municipalidades - Ley N.° 27972 (compendio): https://www.mef.gob.pe/contenidos/presu_publ/capacita/programacion_formulacion_presupuestal2012/Anexos/ley27972.pdf | Ordenanza N.° 2537-MML: https://busquedas.elperuano.pe/dispositivo/NL/2170330-1 | Portal de la MML / Transparencia: https://www.transparencia.gob.pe/enlaces/pte_transparencia_enlaces.aspx?id_entidad=1434&id_tema=5&ver=D
Se puede ejecutar,infraestructura,Podemos Peru,"Fortaleceremos la Gerencia de Movilidad Urbana como órgano técnico especializado, recuperando su capacidad de planificación, gestión y operación mediante el uso de sistemas inteligentes de transporte, modelamiento de tránsito, monitoreo en tiempo real y herramientas avanzadas de análisis de datos.",Fortaleceremos,Sin plazo definido,"La promesa se encuadra en competencias municipales provinciales ya reconocidas por el artículo 81 de la Ley 27972: normar, regular y planificar el transporte urbano, así como organizar y mantener señalización, semáforos y el tránsito urbano. El ROF de la MML aprobado por Ordenanza 2537 y modificatorias contempla una Gerencia de Movilidad Urbana y funciones técnicas vinculadas a estudios, regulación y gestión del tránsito, por lo que fortalecerla como órgano técnico no exige crear una competencia nueva. Además, el pliego 150101 de la MML tiene presupuesto propio para funciones de transporte y gestión urbana; el punto propuesto apunta más a reorganización funcional y uso de herramientas de gestión ya compatibles con la entidad que a una obligación de gasto extraordinario o a una competencia ajena.",,,"Ley Orgánica de Municipalidades, Ley 27972: https://www.congreso.gob.pe/Docs/DGP/DIDP/files/descentralizacion/27972.pdf | Ordenanza N.° 2537 – ROF de la MML: https://busquedas.elperuano.pe/dispositivo/NL/2170330-1 | Ley 27972 consolidada: https://www.muniate.gob.pe/wp-content/uploads/2026/04/LEY-N%C2%B0-27972.pdf"
Se puede ejecutar,infraestructura,Progresemos,"Aprobar una ordenanza municipal de gestión integral de Residuos Sólidos, modernizando el recojo público y erradicando botaderos informales de basura.",Aprobar,Sin plazo definido,"La promesa se ubica dentro de competencias propias de la MML: la Ley 27972 asigna a las municipalidades provinciales la función de regular y controlar la disposición final de desechos sólidos en el ámbito provincial, y el régimen de gestión de residuos municipales les reconoce responsabilidad sobre residuos domiciliarios, comerciales y similares. La MML ya opera servicios y marcos de gestión en residuos sólidos, por lo que aprobar una ordenanza de gestión integral y ordenar mejoras en el recojo público puede ejecutarse con su potestad normativa y de gestión vigente. El principal límite no es competencial sino operativo: la erradicación de botaderos informales exige fiscalización, logística, ejecución presupuestal y articulación con distritos del Cercado y operadores de limpieza dentro del pliego 150101, sin que ello requiera crear una competencia nueva.","Restricción operativa y presupuestal del pliego 150101 para ampliar cobertura, maquinaria, fiscalización y disposición final; además, la eliminación de botaderos requiere coordinación con municipalidades distritales y capacidad de ejecución sostenida.",,Ley Orgánica de Municipalidades - Ley 27972: https://www.mef.gob.pe/contenidos/presu_publ/capacita/programacion_formulacion_presupuestal2012/Anexos/ley27972.pdf | Decreto Legislativo N.° 1278 / Ley de Gestión Integral de Residuos Sólidos: https://www.minam.gob.pe/wp-content/uploads/2017/04/Decreto-Legislativo-N%C2%B0-1278.pdf | Consulta referencial sobre gestión de residuos y obligaciones locales: https://tc.gob.pe/jurisprudencia/2022/03701-2018-AC.htm
Se puede ejecutar,infraestructura,Renovación Popular,"Construiré un by pass en la intersección de la Panamericana Sur con la avenida El Sol, en Villa El Salvador, eliminando los cruces semaforizados y garantizando un tránsito continuo.",Construiré,Sin plazo definido,"La promesa se ubica dentro de la competencia provincial de la MML: la Ley 27972 atribuye a las municipalidades provinciales normar, regular, organizar y mantener los sistemas de señalización y semáforos, así como regular el tránsito urbano de peatones y vehículos (art. 81, funciones específicas exclusivas). El ROF de la MML contempla la gestión metropolitana de transporte e infraestructura vial, por lo que un by pass en una vía urbana metropolitana es una intervención municipalmente habilitada. No se aprecia, con la información disponible, una prohibición legal ni una necesidad de nueva ordenanza para ejecutar una obra vial dentro de la red metropolitana; el límite sería presupuestal y de priorización del PIA/PIM del pliego 150101.","La ejecución depende de disponibilidad real de inversión en el pliego 150101 y de la cartera de proyectos vigente; además, la intervención requiere estudios, expediente técnico y eventual articulación con competencias de la vía si parte del tramo correspondiera a red nacional. No se verificó en esta respuesta una asignación específica suficiente para la obra dentro del presupuesto vigente.",,Ley Orgánica de Municipalidades - Ley N.° 27972: https://www.mef.gob.pe/es/normatividad/por-temas/descentralizacion/6838-ley-n-27972-1/file | Ley Orgánica de Municipalidades - Ley N.° 27972: https://www.mef.gob.pe/contenidos/presu_publ/capacita/programacion_formulacion_presupuestal2012/Anexos/ley27972.pdf | Ordenanza N.° 2537 - ROF MML: https://busquedas.elperuano.pe/dispositivo/NL/2170330-1 | Consulta Amigable del MEF - Pliego 150101: https://apps5.mineco.gob.pe/transparencia/Navegador/default.aspx
Se puede ejecutar,infraestructura,Somos Perú,"Plantea la implementación progresiva de un sistema integrado de gestión del tránsito en corredores metropolitanos prioritarios — Av. Javier Prado, Av. Arequipa, Av. Universitaria, Av. Abancay, Av. Túpac Amaru, Av. Próceres de la Independencia, Av. Pachacútec y Carretera Central — priorizando una primera fase de 426 intersecciones.",implementar,Corto y mediano plazo (2027 – 2031),"La promesa se ubica dentro de las competencias municipales de la MML: la Ley 27972 le atribuye planificar, regular y gestionar el tránsito urbano de peatones y vehículos, así como planificar, regular, organizar y mantener la red vial metropolitana y los sistemas de señalización y semáforos (art. 161, num. 7.2 y 7.3). El ROF de la MML aprobado por Ordenanza 2537 asigna funciones a la gestión metropolitana de transporte y tránsito, incluyendo la conducción de instrumentos vinculados al sector transporte en su jurisdicción. La existencia de un primer paquete de 426 intersecciones en corredores metropolitanos priorizados es una medida operativa que puede ejecutarse con las competencias y la estructura orgánica vigentes, sin requerir una ordenanza nueva ni una transferencia competencial, y es coherente con la función municipal de señalización y semaforización.","La limitación principal es de capacidad presupuestal y de ejecución técnica dentro del pliego 150101, no de competencia. La MML tiene un margen fiscal acotado y la inversión per cápita reportada para el pliego 150101 es de S/ 7.42, la menor del país, por lo que la implementación masiva de 426 intersecciones puede tensionar el PIM disponible si no se prioriza por fases.","Si se requiere ampliar cobertura o asegurar financiamiento, el mecanismo habilitador sería la programación multianual dentro del PIA/PIM del pliego 150101, con priorización por fases y, de ser necesario, ajustes presupuestales internos o para el siguiente ejercicio fiscal; no se requiere habilitación normativa adicional para iniciar la primera fase.",Ley Orgánica de Municipalidades - Ley N.° 27972: https://jurispol.pe/ley-organica-de-municipalidades-ley-27972/ | ROF de la Municipalidad Metropolitana de Lima - Ordenanza N.° 2537: https://www.transparencia.gob.pe/enlaces/pte_transparencia_enlaces.aspx?id_entidad=1434&id_tema=5&ver=D | Ordenanza N.° 2537 - ROF de la MML: https://busquedas.elperuano.pe/dispositivo/NL/2170330-1 | Ley N.° 32513 - Ley de Presupuesto 2026: https://www.mef.gob.pe/ | Consulta Amigable MEF - Pliego 150101: https://apps5.mineco.gob.pe/ | Municipalidad Metropolitana de Lima - Portal institucional: https://www.munlima.gob.pe/
Se puede ejecutar,infraestructura,Visión Perú,"se habilitará un tablero público de obras y proyectos metropolitanos, donde la población pueda conocer el estado real de cada inversión, su presupuesto, avance físico, avance financiero, empresa contratista, supervisión, ampliaciones de plazo y eventuales controversias",se habilitará,Sin plazo definido,"La promesa se ubica dentro de las funciones municipales de ejecución, fiscalización y transparencia: el artículo 5 de la Ley 27972 reconoce que las municipalidades ejercen funciones promotoras, normativas, reguladoras, de ejecución y de fiscalización en sus materias, y el artículo 148 obliga a los gobiernos locales a contar con portales de transparencia en Internet o publicar la información por otro medio si no hubiera presupuesto. Además, el artículo 25 faculta al alcalde a supervisar los resultados económicos y financieros de las obras y servicios públicos municipales, lo que permite publicar estado de inversión, contratista, supervisión, ampliaciones y controversias de obras de la propia MML. El componente puede implementarse con el marco orgánico vigente de la MML y con el PIM del pliego 150101, sin requerir una ordenanza nueva ni esperar el siguiente ejercicio, porque el deber de transparencia ya existe y el tablero es un mecanismo de difusión y rendición de cuentas.","Debe asegurarse la interoperabilidad de datos entre áreas ejecutoras, logística, administración y obras para alimentar el tablero con información actualizada y consistente; si el portal actual no tiene capacidad técnica suficiente, la actualización requerirá adecuaciones operativas internas. No habilita obras fuera de competencia municipal ni crea nueva inversión pública, solo publica información de proyectos ya existentes.",,Ley Orgánica de Municipalidades - Ley N.° 27972: https://www.munlima.gob.pe/images/descargas/normas-administrativas/Ley%2027972%20_%20Ley%20Org%C3%A1nica%20de%20Municipalidades.pdf | Ley Orgánica de Municipalidades - texto concordado: https://www.congreso.gob.pe/Docs/DGP/DIDP/files/descentralizacion/27972.pdf | Consulta/Marco presupuestal MEF - pliego 150101: https://apps5.mineco.gob.pe/
Se puede ejecutar,medioambiente,Acción Popular,Se asegurará que el crecimiento de la actividad cultural en espacio público sea ambientalmente responsable y segura.,Se asegurará,Sin plazo definido,"La promesa encaja con competencias municipales ya reconocidas a la MML: el artículo 82 de la Ley 27972 le atribuye funciones en cultura y recreación, incluyendo organizar y sostener centros culturales, y promover la protección y difusión del patrimonio cultural dentro de su jurisdicción[1]. Además, el ROF de la MML aprobado por Ordenanza 2537 y sus modificatorias ya contempla una Gerencia de Cultura y unidades vinculadas a promoción cultural, artes escénicas, museos y bibliotecas, lo que permite regular y ordenar actividades culturales en espacio público sin crear una competencia nueva[2][3]. El pliego 150101 de la MML cuenta con presupuesto propio para ejecutar fiscalización, seguridad ciudadana, ornato y gestión cultural, por lo que la exigencia de que la actividad cultural en espacio público sea ambientalmente responsable y segura puede implementarse hoy mediante control operativo y coordinación interna, sin esperar una reforma normativa adicional[4][5].","La MML no puede sustituir competencias de entidades externas sobre orden público, policía o autorizaciones sectoriales; además, el estándar de “ambientalmente responsable y segura” exige fiscalización continua y recursos operativos del propio pliego 150101.","No requiere condición habilitante indispensable para iniciarse hoy; si se quisiera elevar el estándar o establecer reglas más específicas para eventos culturales en vías y espacios públicos, podría aprobarse una ordenanza metropolitana complementaria y/o incorporarse metas y recursos en el PIA/PIM del siguiente ejercicio.",Ley N° 27972 - Ley Orgánica de Municipalidades: https://www.mef.gob.pe/es/normatividad/por-instrumento/leyes/6839-ley-n-27972-2/file | Ordenanza N° 2537 - ROF de la Municipalidad Metropolitana de Lima: https://busquedas.elperuano.pe/dispositivo/NL/2170330-1 | Modificación del ROF de la MML sobre cultura y PROLIMA: https://busquedas.elperuano.pe/api/visor_html/2266826-1 | Transparencia MML - ROF y normativa institucional: https://www.transparencia.gob.pe/enlaces/pte_transparencia_enlaces.aspx?id_entidad=1434&id_tema=5&ver=D | Pliego 150101 - Municipalidad Metropolitana de Lima: https://apps5.mineco.gob.pe/
Se puede ejecutar,medioambiente,Ahora Nación,Recuperación de parques y plazuelas del Cercado de Lima.,Recuperación,Sin plazo definido,"La recuperación de parques y plazuelas del Cercado de Lima encaja en competencias municipales de la MML: el artículo 82 de la Ley 27972 asigna a las municipalidades la conservación y administración de parques y áreas verdes, y el artículo 159.2.3 atribuye a la alcaldía metropolitana dictar normas sobre ornato y vigilar su cumplimiento. Además, el régimen metropolitano permite constituir, organizar y administrar el sistema metropolitano de parques, incluyendo áreas verdes ubicadas en el Cercado de Lima, por lo que la promesa está dentro del ámbito material de la MML. El ROF de la MML aprobado por Ordenanza 2537 y modificatorias organiza funciones vinculadas a gestión urbana, ornato y servicios metropolitanos, y la MML ya cuenta con programas vinculados a parques y áreas verdes a través de su estructura metropolitana. El obstáculo no es competencial sino operativo y presupuestal; si se trata de mantenimiento, recuperación física y jardinería básica en bienes ya existentes, puede ejecutarse con la competencia y estructura vigentes del pliego 150101.","Limitación operativa y de financiamiento del pliego 150101, que tiene la inversión per cápita más baja del país (S/ 7.42 según el contexto aportado); si la intervención requiere obras mayores, ampliación de metas o nuevos componentes, podría demandar reprogramación interna o priorización del PIM.",,Ley Orgánica de Municipalidades - Ley N.° 27972: https://www.sat.gob.pe/TransparenciaV3/Portals/0/Docs/NormasOtrasEntidades/Ley_Organica_27972.pdf | Ordenanza N.° 2537 - ROF de la MML: https://busquedas.elperuano.pe/dispositivo/NL/2170330-1 | Transparencia MML: https://www.transparencia.gob.pe/enlaces/pte_transparencia_enlaces.aspx?id_entidad=1434&id_tema=5&ver=D
Se puede ejecutar,medioambiente,Alianza Electoral Venceremos,Mejora del sistema de recojo y disposición de residuos sólidos metropolitanos.,Mejora del sistema de recojo,Sin plazo definido,"La promesa cae dentro de la competencia propia de la MML: el artículo 73 de la Ley 27972 asigna a las municipalidades provinciales la regulación y control de la disposición final de desechos sólidos, y el artículo 80 les encarga administrar y reglamentar el servicio de limpieza pública y tratamiento de residuos sólidos. El ROF de la MML, aprobado por Ordenanza 2537, atribuye a la Subgerencia de Servicios a la Ciudad la función de planificar, efectuar o supervisar la recolección, barrido, transporte y disposición final de residuos sólidos en el Cercado de Lima, lo que muestra que la función ya existe en su estructura orgánica. La ejecución presupuestal del pliego 150101 se gestiona en la Consulta Amigable del MEF y la MML ya tiene habilitada la línea de acción sectorial; por tanto, la mejora del sistema puede implementarse con los instrumentos y competencias vigentes sin esperar nueva habilitación normativa.","El alcance operativo directo del ROF citado en la fuente encontrada se expresa para el Cercado de Lima; para una mejora metropolitana integral podría requerirse coordinación con distritos y, según el diseño operativo, ajustes de programación presupuestal del pliego 150101.","Para ampliar cobertura o capacidad metropolitana sin limitarse al Cercado, podría requerirse ajuste del PIA/PIM del pliego 150101 o una modificación interna de programación y metas en el marco del presupuesto ya aprobado; si se pretendiera una expansión mayor, podría apoyarse en una ordenanza metropolitana complementaria o en la programación del siguiente ejercicio fiscal.",Ley Orgánica de Municipalidades - Ley 27972: https://www.mef.gob.pe/contenidos/presu_publ/capacita/programacion_formulacion_presupuestal2012/Anexos/ley27972.pdf | ROF de la Municipalidad Metropolitana de Lima - Ordenanza 2537: https://sinia.minam.gob.pe/sites/default/files/archivos/public/docs/INFORME%20DE%20EV.%20DESEMPE%C3%91O%20CERCADO%20DE%20LIMA%202023.pdf | Consulta Amigable MEF - pliego 150101: https://www.mef.gob.pe/es/seguimiento-de-la-ejecucion-presupuestal-consulta-amigable
Se puede ejecutar,medioambiente,Avanza País,"Se fortalecerán sistemas de segregación y reciclaje de plástico, papel, cartón, vidrio, metales y residuos aprovechables; articulando trabajo con asociaciones de recicladores formalizados, empresas privadas y gobiernos distritales.",fortalecerán,Sin plazo definido,"La promesa se enmarca en competencias propias de la Municipalidad Metropolitana de Lima sobre residuos sólidos: la Ley 27972 atribuye a las municipalidades provinciales regular y controlar la disposición final de desechos sólidos y organizar el sistema metropolitano de tratamiento, limpieza pública y actividades conexas; además, la MML ya cuenta con el ROF aprobado por Ordenanza 2537 y con la gestión metropolitana de residuos sólidos como función operativa vigente. La formulación también es compatible con la articulación con asociaciones de recicladores formalizados, empresas privadas y gobiernos distritales, porque se trata de coordinación para un servicio municipal ya existente, no de una función ajena a la MML. No se advierte, con la información disponible, necesidad de una ordenanza nueva ni de esperar un siguiente ejercicio fiscal para iniciar la acción, por lo que el compromiso es ejecutable dentro del marco municipal vigente.",,,Ley Orgánica de Municipalidades - Ley N.° 27972: https://www.sat.gob.pe/TransparenciaV3/Portals/0/Docs/NormasOtrasEntidades/Ley_Organica_27972.pdf | ROF de la Municipalidad Metropolitana de Lima - Ordenanza N.° 2537: https://www.transparencia.gob.pe/enlaces/pte_transparencia_enlaces.aspx?id_entidad=1434&id_tema=5&ver=D | Ordenanza N.° 2537: https://busquedas.elperuano.pe/dispositivo/NL/2170330-1 | Informe de evaluación de desempeño - Cercado de Lima 2023: https://sinia.minam.gob.pe/sites/default/files/sinia/archivos/public/docs/INFORME%20DE%20EV.%20DESEMPE%C3%91O%20CERCADO%20DE%20LIMA%202023.pdf | Ordenanza N.° 1778 y modificatorias: https://sinia.minam.gob.pe/sites/default/files/sinia/archivos/public/docs/ordenanza-1778_0.pdf | Plan Provincial de Gestión Integral de Residuos Sólidos: https://sinia.minam.gob.pe/sites/default/files/archivos/public/docs/Ordenanza%20N%C2%B0%202269.pdf
Se puede ejecutar,medioambiente,Demócrata Verde,"Lograr un ambiente saludable, mediante el manejo adecuado de residuos sólidos, el incremento de áreas verdes y el control de la contaminación ambiental; fomentaremos la preservación, conservación, defensa, mejoramiento del medio ambiente e impulsaremos la cultura ambiental en la ciudad de Lima.",Lograr,Sin plazo definido,"La promesa encaja con competencias expresas de la MML: la Ley 27972 le asigna formular y ejecutar políticas locales ambientales, regular y controlar la disposición final de residuos sólidos en el ámbito provincial y conservar/acrecenar áreas verdes y parques zonales[1][2]. El ROF de la MML aprobado por Ordenanza 2537-2023-MML asigna a la Subgerencia de Gestión Ambiental funciones de opinión técnica ambiental y gestión ambiental metropolitana, y a las áreas operativas la prestación del servicio de residuos y el control ambiental dentro de su competencia[4][11][14]. Además, la MML ya tiene programas y servicios vinculados a limpieza pública, parques zonales/SERPAR y gestión ambiental, por lo que el compromiso describe acciones que puede ejecutar hoy con su estructura vigente, sin requerir una nueva habilitación normativa ni una transferencia presupuestal previa[6][14].","La limitación principal es de escala presupuestal y operativa: la inversión per cápita del pliego 150101 es la menor del país según el contexto provisto, lo que restringe ampliaciones intensivas de infraestructura y cobertura, aunque no impide iniciar o mantener las acciones descritas si se reordenan recursos ya existentes.",,Ley Orgánica de Municipalidades - Ley N° 27972: https://www.mef.gob.pe/contenidos/presu_publ/capacita/programacion_formulacion_presupuestal2012/Anexos/ley27972.pdf | Ordenanza N° 2537-2023-MML - ROF de la MML: https://busquedas.elperuano.pe/dispositivo/NL/2170330-1 | Transparencia MML - ROF y documentos de gestión: https://www.transparencia.gob.pe/enlaces/pte_transparencia_enlaces.aspx?id_entidad=1434&id_tema=5&ver=D | INFORME DE EV. DESEMPEÑO CERCADO DE LIMA 2023: https://sinia.minam.gob.pe/sites/default/files/archivos/public/docs/INFORME%20DE%20EV.%20DESEMPE%C3%91O%20CERCADO%20DE%20LIMA%202023.pdf
Se puede ejecutar,medioambiente,Frente de la Esperanza,"Realizar la reingeniería del proceso de operación y funcionamiento bajo condiciones ambientales optimas de los rellenos sanitarios de HUAYCOLORO, ZAPALLAL y PORTILLO GRANDE bajo un enfoque de economía circular.",Realizar,Sin plazo definido,"La promesa se ubica dentro de la competencia propia de la MML como municipalidad provincial: la Ley 27972 atribuye a las municipalidades provinciales la función de regular y controlar el proceso de disposición final de desechos sólidos en el ámbito provincial, así como la gestión de residuos sólidos de origen domiciliario y comercial. Además, el régimen de residuos sólidos vigente reconoce que las municipalidades provinciales supervisan, fiscalizan y coordinan la disposición final y la adecuación de infraestructura de manejo de residuos, por lo que una “reingeniería” del proceso operativo y de funcionamiento de rellenos sanitarios municipales encaja en sus funciones ordinarias. El antecedente disponible sobre Lima Metropolitana identifica el uso de rellenos sanitarios como El Zapallal y Portillo Grande para la disposición de residuos de la provincia, lo que muestra que la materia ya forma parte de la gestión municipal metropolitana. El componente de “economía circular” es una orientación de gestión que puede incorporarse a la operación existente sin requerir, por sí sola, una nueva habilitación legal si se limita a optimización interna de los servicios ya competentes.","La categoría no pasa a CONDICIONADA solo por la necesidad de mejora operativa, porque la promesa no exige crear una competencia nueva ni una obra pública específica fuera del ámbito municipal. El principal límite sería presupuestal si la reingeniería implica inversiones mayores, pero el enunciado no condiciona su ejecución a nueva infraestructura ni a un cambio normativo previo.",,"Ley Orgánica de Municipalidades - Ley 27972: https://www.mef.gob.pe/contenidos/presu_publ/capacita/programacion_formulacion_presupuestal2012/Anexos/ley27972.pdf | Régimen de gestión de residuos sólidos: https://www.minam.gob.pe/wp-content/uploads/2017/04/Decreto-Legislativo-N%C2%B0-1278.pdf | Programa de Educación, Cultura y Ciudadanía Ambiental de la MML: https://sinia.minam.gob.pe/sites/default/files/sinia/archivos/public/docs/pme_2017_-_mp_lima_lima.pdf | Listado de rellenos sanitarios - SINIA: https://sinia.minam.gob.pe/sites/default/files/sinia/archivos/public/docs/listado_de_rellenos_15-8-2019.pdf"
Se puede ejecutar,medioambiente,Frentre Popular Agrícola FIA del Perú,Valorizar al menos el 30% de los residuos sólidos generados en Lima Metropolitana.,Valorizar,al 2030,"La meta de valorizar al menos 30% de los residuos sólidos sí cae dentro de las competencias de la Municipalidad Metropolitana de Lima, porque el artículo 80 de la Ley 27972 le atribuye regular y controlar la disposición final de desechos sólidos y organizar el Sistema Metropolitano de Tratamiento y Eliminación de Residuos Sólidos, limpieza pública y actividades conexas[1]. Además, la MML ya cuenta con un marco vigente de gestión metropolitana de residuos sólidos y con un Plan Provincial de Gestión Integral de Residuos Sólidos aprobado por ordenanza, por lo que la promesa describe una mejora de gestión sobre una función ya existente[2][4]. No se advierte, con la información disponible, que la promesa requiera una ordenanza nueva o un ajuste presupuestal previo para iniciar su ejecución en el marco actual del pliego 150101; el reto principal es operativo y de desempeño, no de competencia[1][4].","La valorización del 30% depende de infraestructura, contratos, segregación en la fuente y capacidad operativa del sistema de residuos; el pliego 150101 de la MML es el de menor inversión per cápita del país, lo que puede limitar la escala de implementación si no se reorienta gasto existente.","Para elevar la tasa de valorización puede requerirse priorización interna del PIM/PIA y eventuales ajustes operativos mediante el presupuesto institucional y la programación del siguiente ejercicio, pero no es indispensable para que la promesa sea jurídicamente posible.",Ley Orgánica de Municipalidades - Ley N.° 27972: https://www.sat.gob.pe/TransparenciaV3/Portals/0/Docs/NormasOtrasEntidades/Ley_Organica_27972.pdf | Decreto Legislativo N.° 1278 - Ley de Gestión Integral de Residuos Sólidos: https://www.minam.gob.pe/wp-content/uploads/2017/04/Decreto-Legislativo-N%C2%B0-1278.pdf | Ordenanza N.° 1778 / Plan Provincial de Gestión Integral de Residuos Sólidos: https://sinia.minam.gob.pe/sites/default/files/sinia/archivos/public/docs/ordenanza-1778_0.pdf | Ordenanza N.° 2269-MML / Plan Provincial de Gestión Integral de Residuos Sólidos: https://sinia.minam.gob.pe/sites/default/files/archivos/public/docs/Ordenanza%20N%C2%B0%202269.pdf | Decreto de Alcaldía N.° 013-2025-MML: https://sinia.minam.gob.pe/sites/default/files/archivos/public/docs/Decreto%20de%20Alcald%C3%ADa%20N%20%20013-2025-MML.pdf
Se puede ejecutar,medioambiente,Fuerza Ciudadana,Identificación de zonas vulnerables.,Identificación,Sin plazo definido,"La identificación de zonas vulnerables encaja en competencias municipales de la MML sobre protección y conservación del ambiente y organización del espacio físico y uso del suelo. El artículo 73.3.1 de la Ley 27972 permite formular, aprobar, ejecutar y monitorear planes y políticas ambientales locales, y el artículo 79.1.1 atribuye a la municipalidad provincial aprobar el Plan de Acondicionamiento Territorial que identifique áreas de protección o de seguridad por riesgos naturales. El ROF de la MML, aprobado por la Ordenanza 2537, desarrolla funciones metropolitanas vinculadas a planificación territorial y gestión ambiental, por lo que la acción puede ejecutarse con la estructura vigente. No se advierte que el compromiso requiera una nueva habilitación normativa ni que exceda el pliego 150101 para una identificación o mapeo técnico dentro de funciones ya existentes.","Si la promesa se convierte en un programa permanente con cartografía especializada, levantamientos de campo masivos o intervención multianual, podría requerir reasignación interna de recursos del pliego 150101; no obstante, para la sola identificación no se identifica un obstáculo competencial.",,Ley Orgánica de Municipalidades - Ley N.° 27972: https://www.mef.gob.pe/contenidos/presu_publ/capacita/programacion_formulacion_presupuestal2012/Anexos/ley27972.pdf | Ordenanza N.° 2537 - ROF de la Municipalidad Metropolitana de Lima: https://busquedas.elperuano.pe/dispositivo/NL/2170330-1 | Presupuesto aprobado año 2026 - MEF: https://www.mef.gob.pe/es/presupuesto-del-sector-publico/aprobacion-presupuestal/nacional-regional-y-local | Municipalidad Metropolitana de Lima - transparencia: https://www.transparencia.gob.pe/enlaces/pte_transparencia_enlaces.aspx?id_entidad=1434&id_tema=5&ver=D
Se puede ejecutar,medioambiente,Fuerza Popular,"Fortalecer la gestión integral de residuos sólidos mediante la modernización de los servicios públicos urbanos, la promoción de la economía circular y la protección de la salud ambiental.",Fortalecer,Sin plazo definido,"La promesa se ubica dentro de la competencia municipal de la MML: el artículo 83 de la Ley 27972 asigna a las municipalidades provinciales la regulación y control de la disposición final de desechos sólidos, y el artículo 23 les permite supervisar, fiscalizar y sancionar el manejo de los servicios de residuos sólidos; además, el ROF de la MML aprobado por Ordenanza 2537-2023-MML asigna a la Subgerencia de Servicios a la Ciudad la planificación, supervisión y prestación de recolección, barrido, transporte y disposición final en el Cercado de Lima. En el Cercado de Lima ya existe una estructura operativa para limpieza pública y supervisión de residuos, por lo que la acción de modernizar servicios, promover economía circular y proteger salud ambiental puede ejecutarse con las funciones vigentes de la MML sin requerir una nueva competencia. El principal límite es presupuestal y de alcance territorial: el pliego 150101 tiene una inversión per cápita de S/ 7.42, la menor del país, por lo que la expansión o tecnificación mayor dependería de reasignaciones internas o del PIM vigente, pero la promesa como acción de gestión puede iniciarse hoy dentro del marco actual.","Limitación presupuestal del pliego 150101 para ampliaciones de escala; la capacidad operativa se concentra en Cercado de Lima y en funciones metropolitanas de supervisión, no en todo el sistema regional de residuos sin coordinación interinstitucional.","Si se busca ampliar cobertura o incorporar tecnologías adicionales, podría requerir ajuste del PIA/PIM o reprogramación presupuestal dentro del pliego 150101; para metas de mayor escala metropolitana, también podría demandar una ordenanza complementaria o programación en el siguiente ejercicio fiscal.",Ley Orgánica de Municipalidades - Ley 27972: https://wb2server.congreso.gob.pe/spley-portal-service/archivo/MTQzMjM0/pdf | ROF de la Municipalidad Metropolitana de Lima - Ordenanza N.° 2537-2023-MML: https://www.transparencia.gob.pe/enlaces/pte_transparencia_enlaces.aspx?id_entidad=1434&id_tema=5&ver=D | Tribunal Constitucional - gestión de residuos sólidos en municipalidades provinciales: https://tc.gob.pe/jurisprudencia/2022/03701-2018-AC.htm | Consulta Amigable MEF - Pliego 150101 MML: https://apps5.mineco.gob.pe/
Se puede ejecutar,medioambiente,PARTIDO_PATRIOTICO_DEL_PERU,"Promover una gestión ambiental moderna basada en la limpieza pública, el reciclaje, la valorización de residuos sólidos, la ampliación de áreas verdes, la educación ambiental y la protección de los recursos naturales, contribuyendo a construir una ciudad más limpia, saludable y sostenible.",Promover,Sin plazo definido,"La promesa se inserta dentro de competencias municipales expresas de la provincia: la Ley 27972 atribuye a las municipalidades provinciales la regulación y control de la disposición final de desechos sólidos y la fiscalización de contaminantes del ambiente, además de la provisión del servicio de limpieza pública y el aprovechamiento de desperdicios. La MML, mediante su ROF aprobado por Ordenanza 2537, ya organiza funciones vinculadas a recolección, barrido, transporte y disposición final de residuos sólidos en el Cercado, por lo que la acción de promover una gestión ambiental moderna puede ejecutarse con estructura existente. El componente de ampliación de áreas verdes y educación ambiental también encaja en funciones metropolitanas de ornato, parques y cultura ambiental, sin requerir una reforma competencial para el acto de promoción.","La ejecución integral depende de capacidad operativa y presupuestal del pliego 150101, cuyo margen de inversión es reducido en comparación con otros gobiernos locales; además, algunas intervenciones fuera del Cercado o de ejecución masiva pueden requerir coordinación con distritos y programación multianual. No se advierte, por la sola redacción de la promesa, una invasión de competencia del gobierno nacional, pero sí una dependencia de recursos para pasar de promoción general a metas cuantificables.",,Ley Orgánica de Municipalidades - Ley 27972: https://www.ana.gob.pe/sites/default/files/publication/files/ley_27972_0_0.pdf | Ordenanza N° 2537-MML - ROF de la Municipalidad Metropolitana de Lima: https://busquedas.elperuano.pe/dispositivo/NL/2170330-1 | MML - Informe de desempeño Cercado de Lima 2023: https://sinia.minam.gob.pe/sites/default/files/archivos/public/docs/INFORME%20DE%20EV.%20DESEMPE%C3%91O%20CERCADO%20DE%20LIMA%202023.pdf | Ley 27972 - funciones provinciales en saneamiento: https://www.muniate.gob.pe/wp-content/uploads/2025/02/LEY-N%C2%B0-27972.pdf
Se puede ejecutar,medioambiente,Partido Cívico Obras,Promover la construcción de plantas de valorización y transferencia interdistritales para procesar el material orgánico e inorgánico.,Promover,Sin plazo definido,"La promesa se ubica dentro de la competencia municipal provincial de Lima Metropolitana para gestionar residuos sólidos, pues el D. Leg. 1278 atribuye a las municipalidades provinciales la planificación y aprobación de la gestión integral y la identificación de espacios para infraestructura de valorización y transferencia; además, la infraestructura de transferencia y valorización forma parte del sistema regulado para el manejo de residuos. En la MML, el marco orgánico vigente incluye funciones vinculadas a residuos sólidos y gestión ambiental, y la entidad ya cuenta con ordenanzas metropolitanas sobre gestión integral de residuos y transferencia/valorización. La ejecución de plantas de valorización y transferencia interdistritales puede impulsarse con las competencias existentes del pliego 150101, sin requerir una nueva competencia legal, aunque su desarrollo material depende de capacidad presupuestal y de habilitación técnica y ambiental.","La principal restricción no es competencial sino de implementación: disponibilidad de espacio, estudios técnicos, autorización ambiental y suficiencia de recursos en el pliego 150101, cuyo presupuesto de inversión per cápita es S/ 7.42, el menor del país según el contexto dado.",,Decreto Legislativo N.° 1278 - Ley de Gestión Integral de Residuos Sólidos: https://www.minam.gob.pe/wp-content/uploads/2017/06/Decreto-Legislativo-1278.pdf | Ordenanza Metropolitana sobre gestión integral de residuos sólidos: https://busquedas.elperuano.pe/dispositivo/NL/2138496-4 | Portal de transparencia de la Municipalidad Metropolitana de Lima: https://www.transparencia.gob.pe/enlaces/pte_transparencia_enlaces.aspx?id_entidad=1434&id_tema=5&ver=D
Se puede ejecutar,medioambiente,Partido del Buen Gobierno,"Implementar el Programa Lima Circular para gestión ambiental, reciclaje y reducción de emisiones, en el marco del Proyecto Lima Verde 2030.",Implementar,2030,"La promesa encaja con competencias propias de la MML porque la Ley 27972 atribuye a la municipalidad provincial regular y controlar la disposición final de desechos sólidos y la emisión de contaminantes, además de administrar por concesión la limpieza pública y el tratamiento de residuos sólidos cuando resulte eficiente la centralización provincial. La MML, como gobierno provincial/metropolitano, puede además articular acciones de reciclaje y reducción de emisiones dentro de su gestión ambiental y de servicios urbanos, sin invadir competencias del gobierno nacional. El presupuesto del pliego 150101 existe y la función ambiental/residuos ya forma parte de sus servicios; por ello, el compromiso puede ejecutarse hoy como reordenamiento y priorización de acciones ya comprendidas en su marco competencial y operativo.",,,Ley Orgánica de Municipalidades - Ley N.° 27972: https://www.mef.gob.pe/contenidos/presu_publ/capacita/programacion_formulacion_presupuestal2012/Anexos/ley27972.pdf | Ley Orgánica de Municipalidades - texto normativo complementario: https://www.sat.gob.pe/TransparenciaV3/Portals/0/Docs/NormasOtrasEntidades/Ley_Organica_27972.pdf | Ordenanza N.° 2537-2023-MML - ROF de la MML: https://api.congreso.gob.pe/spley-portal-service/archivo/MTQzMjM0/pdf | Consulta normativa y desempeño ambiental vinculada a MML: https://sinia.minam.gob.pe/sites/default/files/archivos/public/docs/INFORME%20DE%20EV.%20DESEMPE%C3%91O%20CERCADO%20DE%20LIMA%202023.pdf
Se puede ejecutar,medioambiente,Podemos Peru,"Implementar el programa Desplastifica Lima, orientado a reducir el uso de bolsas plásticas de un solo uso, eliminar progresivamente los plásticos de un solo uso en eventos y servicios municipales, promover envases reutilizables o compostables, y establecer acuerdos con mercados, bodegas, panaderías y comerciantes ambulantes formalizados.",Implementar,Sin plazo definido,"La promesa se ubica dentro de las competencias municipales de la MML: la Ley 27972 atribuye a las municipalidades provinciales la función de regular y controlar la disposición final de desechos sólidos y, en Lima Metropolitana, el ROF aprobado por Ordenanza 2537-2023-MML asigna a la Subgerencia de Servicios a la Ciudad la planificación y supervisión de la recolección, barrido, transporte y disposición final de residuos sólidos en el Cercado de Lima. Además, la ordenanza metropolitana de gestión integral de residuos sólidos municipales reconoce que la MML y los distritos brindan el servicio de limpieza pública y realizan valorización de residuos, lo que permite campañas, reglas internas y acuerdos con mercados, bodegas, panaderías y comercio ambulatorio formalizado sin crear una nueva competencia. El presupuesto del pliego 150101 existe para estas funciones y el dato de inversión per cápita S/ 7.42 no impide medidas de gestión, señalización, protocolos y compras menores para eventos y servicios municipales. La propuesta es ejecutable hoy en el ámbito municipal porque el verbo prometido es implementar/promover y no exige transferencias de competencias ni acciones del gobierno nacional.","No hay obstáculo competencial directo; el límite principal es operativo-presupuestal para estandarizar sustitución de plásticos en todos los eventos y servicios municipales, pero no bloquea la puesta en marcha inicial.","Puede ejecutarse con lineamientos internos, directivas de contratación y gestión ambiental, convenios con administrados y adecuación operativa de eventos municipales dentro del presupuesto vigente del pliego 150101; si se busca cobertura total o metas cuantificables más amplias, requeriría ajuste del PIA/PIM o programación en el siguiente ejercicio fiscal.",Ley Orgánica de Municipalidades - Ley N.° 27972: https://www.mef.gob.pe/contenidos/presu_publ/capacita/programacion_formulacion_presupuestal2012/Anexos/ley27972.pdf | Ordenanza N.° 2537-MML - ROF de la Municipalidad Metropolitana de Lima: https://busquedas.elperuano.pe/dispositivo/NL/2170330-1 | Ordenanza Metropolitana de gestión integral de residuos sólidos municipales: https://busquedas.elperuano.pe/api/visor_html/2138496-4 | Consulta Amigable MEF - Pliego 150101 Municipalidad Metropolitana de Lima: https://apps5.mineco.gob.pe/transparencia/Navegador/default.aspx?y=2026 | OFICIO N.° D000268-2023-MML-OGSC: https://api.congreso.gob.pe/spley-portal-service/archivo/MTQzMjM0/pdf
Se puede ejecutar,medioambiente,Progresemos,Crear brigadas comunitarias de “Promotores Ambientales” bajo el programa municipal EDUCCA – Lima.,Crear,Sin plazo definido,"La promesa se alinea con competencias municipales vigentes de la MML porque el artículo 73.3 de la Ley 27972 permite promover la educación e investigación ambiental y el artículo 82.13 ordena promover la cultura de prevención mediante educación para la preservación del ambiente. Además, el Programa Municipal EDUCCA ya contempla formación de promotores ambientales comunitarios, por lo que la creación de brigadas comunitarias puede ejecutarse como ampliación operativa del programa existente sin requerir una nueva habilitación normativa. El dato presupuestal no muestra una imposibilidad jurídica: el pliego 150101 es el de la MML y la consulta de presupuesto debe verificarse en su PIM vigente, pero la medida puede implementarse dentro de acciones de educación ambiental ya programadas por la municipalidad.",,,Ley Orgánica de Municipalidades - Ley N.° 27972: https://www.munlima.gob.pe/images/descargas/normas-administrativas/Ley%2027972%20_%20Ley%20Org%C3%A1nica%20de%20Municipalidades.pdf | Programa Municipal EDUCCA / MML: https://cdn.www.gob.pe/uploads/document/file/5925617/5255839-plan-del-programa-municipal-de-educacion-y-cultura-y-ciudadania-ambiental-2024.pdf | Instructivo del Programa EDUCCA: https://www.minam.gob.pe/wp-content/uploads/2018/11/Instructivo%20Programa%20Educca.pdf
Se puede ejecutar,medioambiente,Renovación Popular,Coordinar con el Ministerio del Ambiente y entidades privadas para unir esfuerzos orientados al aprovechamiento de los residuos como insumos de otros productos.,coordinar,Sin plazo definido,"La promesa se ubica dentro de una competencia municipal provincial: la Ley 27972 asigna a las municipalidades la gestión de los residuos sólidos de origen domiciliario, comercial o similares, y la MML, vía ROF aprobado por Ordenanza N° 2537, ya tiene la función de planificar, efectuar o supervisar la recolección, barrido, transporte y disposición final de residuos sólidos, escombros y desmonte en el Cercado de Lima. Además, el marco sectorial de gestión integral de residuos sólidos permite la valorización y el aprovechamiento de residuos, por lo que la coordinación con MINAM y con entidades privadas es una acción compatible con sus atribuciones actuales. No se advierte que la promesa exija una nueva ordenanza, ajuste del PIA/PIM ni presupuesto adicional indispensable para iniciar la coordinación; se trata de una acción de gestión que puede ejecutarse con las competencias vigentes del pliego 150101.","La limitación no es competencial sino operativa: la MML solo puede coordinar sobre la parte de residuos bajo su ámbito municipal y en el Cercado de Lima, y la ampliación de metas de valorización dependerá de capacidad contractual, operadores autorizados y disponibilidad del servicio de limpieza pública en el pliego 150101. No se identificó en la información consultada un obstáculo legal que la vuelva improcedente, pero sí la necesidad de articular con terceros para convertir residuos en insumos de otros productos.",,Ley Orgánica de Municipalidades - Ley N.° 27972: https://www2.congreso.gob.pe/sicr/cendocbib/con4_uibd.nsf/bcd316201ca9cdca05258100005dbe7a/$file/1_2.compendio-normativo-ot.pdf | Ordenanza N.° 2537-MML - ROF de la MML: https://busquedas.elperuano.pe/dispositivo/NL/2170330-1 | Informe de desempeño Cercado de Lima 2023 - SINIA/Minam: https://sinia.minam.gob.pe/sites/default/files/archivos/public/docs/INFORME%20DE%20EV.%20DESEMPE%C3%91O%20CERCADO%20DE%20LIMA%202023.pdf | D.S. N.° 014-2017-MINAM: https://www.minam.gob.pe/wp-content/uploads/2017/12/ds_014-2017-minam.pdf
Se puede ejecutar,medioambiente,Somos Perú,"Se implementarán operativos permanentes de limpieza, fiscalización, recuperación de espacios degradados, y fortalecimiento operativo en zonas comerciales y turísticas.",se implementarán,Sin plazo definido,"La promesa se ubica dentro de competencias municipales ya reconocidas a la MML: la Ley 27972 permite a las municipalidades provinciales proveer el servicio de limpieza pública y fiscalizar el aseo, higiene y salubridad en establecimientos comerciales y lugares públicos locales; además, el artículo 80 y concordantes habilitan la fiscalización y control ambiental local. En el ámbito metropolitano, el ROF de la MML aprobado por Ordenanza 2537 y la normativa metropolitana de residuos sólidos le asignan funciones de supervisión, fiscalización y prestación del servicio de limpieza pública en el Cercado de Lima y coordinación metropolitana, por lo que “operativos permanentes” de limpieza, fiscalización y recuperación de espacios degradados encajan en sus atribuciones ordinarias. No se aprecia, en la información disponible, una exigencia de nueva ordenanza, ajuste del PIA/PIM o presupuesto adicional indispensable para iniciar la medida, aunque su intensidad dependerá de la priorización operativa del pliego 150101 y de la ejecución de sus unidades competentes.",Limitación operativa y de cobertura por el bajo espacio fiscal del pliego 150101; la sostenibilidad de operativos permanentes puede verse restringida por la inversión per cápita históricamente baja y por la necesidad de coordinación con municipalidades distritales en zonas fuera de competencia directa metropolitana.,,Ley N.° 27972 - Ley Orgánica de Municipalidades: https://www.mef.gob.pe/es/normatividad/por-temas/descentralizacion/6838-ley-n-27972-1/file | Ordenanza N.° 2537 - ROF de la MML: https://busquedas.elperuano.pe/dispositivo/NL/2170330-1 | Ordenanza metropolitana de gestión integral de residuos sólidos: https://busquedas.elperuano.pe/dispositivo/NL/2138496-4 | Portal de transparencia de la MML: https://www.transparencia.gob.pe/enlaces/pte_transparencia_enlaces.aspx?id_entidad=1434&id_tema=5&ver=D
Se puede ejecutar,medioambiente,Visión Perú,"Durante los primeros cien días de gestión, se realizará un diagnóstico metropolitano de puntos críticos de basura y desmonte, identificando zonas de acumulación recurrente, responsables operativos, rutas de recojo, horarios deficientes y zonas con mayor riesgo sanitario.",realizará,primeros cien días de gestión,"La promesa se encuadra en competencias ya reconocidas a la Municipalidad Metropolitana de Lima en residuos sólidos y limpieza pública: la Ley 27972 atribuye a las municipalidades provinciales la regulación y control de la disposición final de desechos sólidos y la administración del servicio de limpieza pública y tratamiento de residuos sólidos cuando corresponda, así como la supervisión y fiscalización del servicio en su jurisdicción. El ROF de la MML aprobado por Ordenanza 2537 asigna estas funciones a sus órganos de línea vinculados a servicios a la ciudad y fiscalización, por lo que un diagnóstico metropolitano de puntos críticos, rutas, horarios y riesgo sanitario puede elaborarse como acción interna de gestión sin requerir nueva competencia. La ejecución no depende de una ordenanza nueva ni de un ajuste presupuestal específico para ser iniciada en los primeros cien días, porque se trata de un producto técnico de diagnóstico y monitoreo dentro de las funciones ordinarias del pliego 150101. El límite es operativo, no jurídico: deberá apoyarse en información de campo, supervisión y coordinación interna con distritos y operadores ya vinculados al servicio.","La precisión del diagnóstico depende de acceso oportuno a información operativa de distritos y operadores, y de capacidad de supervisión con el presupuesto corriente del pliego 150101; no se advierte una prohibición legal ni una competencia ajena a la MML.",,Ley Orgánica de Municipalidades - Ley N.° 27972: https://www.mef.gob.pe/contenidos/presu_publ/capacita/programacion_formulacion_presupuestal2012/Anexos/ley27972.pdf | Ordenanza N.° 2537 - ROF de la MML: https://busquedas.elperuano.pe/dispositivo/NL/2170330-1 | Consulta y marco de gestión de residuos sólidos: https://www.minam.gob.pe/wp-content/uploads/2017/04/Decreto-Legislativo-N%C2%B0-1278.pdf
Se puede ejecutar,seguridad,Acción Popular,"La Municipalidad Metropolitana implementará un modelo de fiscalización preventiva basado en inteligencia territorial, identificando puntos críticos donde la informalidad, el abandono urbano y la falta de control facilitan la delincuencia.",implementará,Sin plazo definido,"La promesa se encuadra en la función municipal de fiscalización y control sobre materias de competencia local, y en seguridad ciudadana la Ley 27972 permite a las municipalidades provinciales establecer el sistema de seguridad ciudadana y crear el serenazgo municipal metropolitano (arts. 73 y 85, además de las funciones de fiscalización del art. 31). El ROF de la MML aprobado por Ordenanza 2537 y sus modificatorias organiza competencias vinculadas a fiscalización, seguridad ciudadana, catastro, ornato, comercio ambulatorio y transporte, lo que permite un modelo de fiscalización preventiva basado en inteligencia territorial sin requerir una nueva competencia. Además, la MML cuenta con el pliego 150101 y en el Proyecto de Presupuesto 2025 se registra una inversión per cápita de S/ 7.42, pero la promesa se centra en reorientar y articular funciones ya existentes, no en crear un gasto nuevo indispensable.","No identifica un obstáculo de competencia, porque la fiscalización preventiva y el uso de inteligencia territorial pueden ejecutarse dentro de funciones municipales ya existentes; el límite sería operativo y de priorización interna del gasto del pliego 150101.",,Ley Orgánica de Municipalidades - Ley N.° 27972: https://www2.congreso.gob.pe/sicr/cendocbib/con5_uibd.nsf/43FAD2D6E0831D0E052586F3003D4E09/$FILE/27972.pdf | Ordenanza N.° 2537 de la Municipalidad Metropolitana de Lima: https://busquedas.elperuano.pe/dispositivo/NL/2170330-1 | Municipalidad Metropolitana de Lima - Transparencia: https://www.transparencia.gob.pe/enlaces/pte_transparencia_enlaces.aspx?id_entidad=1434&id_tema=5&ver=D | Consulta Amigable MEF - Pliego 150101: https://apps5.mineco.gob.pe/transparencia/Navegador/default.aspx
Se puede ejecutar,seguridad,Ahora Nación,"La Municipalidad Metropolitana implementará un modelo de fiscalización preventiva basado en inteligencia territorial, identificando puntos críticos donde la informalidad, el abandono urbano y la falta de control facilitan la delincuencia.",implementará,Sin plazo definido,"La propuesta se encuadra en la competencia municipal de fiscalización y seguridad ciudadana: la Ley 27972 permite a las municipalidades provinciales establecer un sistema de seguridad ciudadana, normar serenazgo y dictar normas para brindar ese servicio; además, faculta la fiscalización y control de materias de su competencia. El ROF de la MML aprobado por Ordenanza 2537 y modificatorias organiza funciones vinculadas a fiscalización, seguridad ciudadana y gestión territorial, por lo que un modelo de fiscalización preventiva con enfoque territorial puede implementarse con la estructura vigente. No se identifica en lo consultado una exigencia de nueva ordenanza ni de nuevo presupuesto para iniciar el modelo; en el pliego 150101 la MML sí cuenta con funciones operativas propias en fiscalización, serenazgo, catastro, ornato y control urbano, que son el soporte material de la medida.","La promesa no debe extenderse a control policial ni a intervención sobre delincuencia en sentido penal, porque eso corresponde a la PNP y al gobierno nacional; además, la eficacia del modelo depende de coordinación intergerencial y de capacidad operativa ya existente en el pliego 150101.","Si se busca ampliar cobertura, metas o tecnología de inteligencia territorial, podría requerir ajuste del PIA/PIM o programación en el siguiente ejercicio; si solo se activa con recursos y funciones ya existentes, no requiere habilitación adicional.",Ley Orgánica de Municipalidades - Ley 27972: https://jurispol.pe/ley-organica-de-municipalidades-ley-27972/ | Ley Orgánica de Municipalidades - texto referencial: https://www.mef.gob.pe/contenidos/presu_publ/capacita/programacion_formulacion_presupuestal2012/Anexos/ley27972.pdf | ROF de la Municipalidad Metropolitana de Lima - Ordenanza 2537: https://www.transparencia.gob.pe/enlaces/pte_transparencia_enlaces.aspx?id_entidad=1434&id_tema=5&ver=D | Ordenanza N.° 2537: https://busquedas.elperuano.pe/dispositivo/NL/2170330-1
Se puede ejecutar,seguridad,Alianza Electoral Venceremos,"Rutas seguras para mujeres: paraderos, corredores y espacios con iluminación y monitoreo priorizado.",Rutas seguras para mujeres,Sin plazo definido,"La MML sí tiene competencia directa para ejecutar medidas sobre rutas seguras en el ámbito metropolitano: el artículo 81 de la Ley 27972 le atribuye planificar, regular y gestionar el transporte público, el tránsito urbano de peatones y vehículos, y organizar/mantener la red vial metropolitana, señalización y semáforos; además, el artículo 85 le permite establecer y normar el sistema de seguridad ciudadana y serenazgo. El ROF aprobado por Ordenanza 2537 asigna funciones operativas a áreas metropolitanas vinculadas al tránsito, seguridad ciudadana y gestión de la vía pública, por lo que iluminación priorizada, monitoreo y mejora de paraderos/corredores pueden encuadrarse en competencias propias de la MML. El dato presupuestal no bloquea por sí solo la promesa, porque el pliego 150101 de la MML tiene capacidad de ejecutar acciones de mantenimiento, fiscalización y seguridad urbana dentro de su PIM; el obstáculo principal sería la coordinación con operadores o distritos, pero la medida puede implementarse con recursos y funciones ya existentes si se concentra en infraestructura y vigilancia municipal.","La MML no controla la PNP ni el alumbrado público en toda la ciudad como política nacional, y la intervención en corredores o paraderos puede requerir coordinación con concesionarios, distritos o entidades sectoriales para monitoreo integrado y obras en vía que no sean de su titularidad. Si la propuesta pretende expansión masiva de infraestructura nueva o cámaras/alumbrado fuera de la red metropolitana bajo su gestión, podría requerir programación presupuestal específica.","Si se quiere ampliar alcance o cobertura, el mecanismo habilitador sería reorientación o priorización dentro del PIM del pliego 150101 y convenios operativos con distritos/concesionarios; no se requiere una ordenanza nueva para la acción básica, pero sí para eventuales estándares o priorización formal de corredores específicos.",Ley Orgánica de Municipalidades - Ley N.° 27972: https://www.mef.gob.pe/contenidos/presu_publ/capacita/programacion_formulacion_presupuestal2012/Anexos/ley27972.pdf | ROF de la Municipalidad Metropolitana de Lima - Ordenanza N.° 2537: https://www.transparencia.gob.pe/enlaces/pte_transparencia_enlaces.aspx?id_entidad=1434&id_tema=5&ver=D | Pliego 150101 - Municipalidad Metropolitana de Lima: https://apps5.mineco.gob.pe/
Se puede ejecutar,seguridad,Avanza País,"La gestión impulsará un proceso de modernización mediante capacitación permanente, mejora de equipamiento, protocolos operativos y fortalecimiento de capacidades tácticas y preventivas.",impulsará,Sin plazo definido,"La promesa se ubica dentro de la competencia municipal metropolitana de seguridad ciudadana: el artículo 85 de la Ley 27972 faculta a las municipalidades provinciales a establecer un sistema de seguridad ciudadana, normar el serenazgo y, en Lima Metropolitana, crear y reglamentar el Serenazgo Municipal Metropolitano. La MML además cuenta con ROF aprobado por Ordenanza 2537 y modificatorias, que organiza sus órganos de seguridad ciudadana y permite ejecutar capacitación, protocolos operativos y fortalecimiento de capacidades con su propia estructura vigente. En el pliego 150101 de la MML, la asignación presupuestal para seguridad ciudadana y serenazgo existe dentro del presupuesto institucional, por lo que la capacitación permanente y la mejora de equipamiento pueden implementarse con recursos ya programados sin requerir una nueva competencia ni una ordenanza habilitante adicional.","El límite es operativo y presupuestal: la promesa no asegura una meta cuantificable y la mejora de equipamiento puede requerir priorización interna del PIA/PIM si el crédito presupuestario específico fuera insuficiente. No involucra funciones ajenas a la MML ni depende de PNP, MININTER o gobiernos centrales para su ejecución como acción municipal propia.","Si se pretendiera ampliar alcance, cobertura o inversión en equipamiento, el mecanismo habilitador sería la reprogramación interna del PIA/PIM del pliego 150101 o su inclusión en el siguiente ejercicio presupuestal; no se advierte necesidad de ordenanza nueva para la capacitación, protocolos y fortalecimiento de capacidades ya comprendidos en la función municipal de seguridad ciudadana.",Ley Orgánica de Municipalidades - Ley N° 27972: https://www.mef.gob.pe/contenidos/presu_publ/capacita/programacion_formulacion_presupuestal2012/Anexos/ley27972.pdf | Ordenanza N° 2537 - ROF de la Municipalidad Metropolitana de Lima: https://busquedas.elperuano.pe/dispositivo/NL/2170330-1 | Portal de Transparencia MML: https://www.transparencia.gob.pe/enlaces/pte_transparencia_enlaces.aspx?id_entidad=1434&id_tema=5&ver=D | Ley del Servicio de Serenazgo Municipal: https://busquedas.elperuano.pe/dispositivo/NL/1974970-6
Se puede ejecutar,seguridad,COALICION_TRANSFORMADORA_TIERRA_VERDE.pdf,"Estandarización y homologación de la Escuela de Serenazgo Metropolitano para la capacitación en DD.HH., primeros auxilios y técnicas de intervención no letales.",Estandarización y homologación,Sin plazo definido,"La promesa se enmarca en la competencia municipal de seguridad ciudadana de la MML: el artículo 85 de la Ley 27972 atribuye a las municipalidades provinciales establecer el sistema de seguridad ciudadana y normar los servicios de serenazgo, y el Serenazgo Municipal Metropolitano forma parte de esa función. La capacitación en DD.HH., primeros auxilios y técnicas de intervención no letales puede implementarse como mejora operativa interna del serenazgo sin invadir competencias de MINEDU, MINSA o PNP. En el pliego 150101 de la MML existe programación presupuestal para seguridad ciudadana/serenazgo, y el portal de transparencia de MUNLIMA mantiene vigente el ROF/TUO actualizado, lo que permite ejecutar estandarización de capacitación dentro de la estructura existente.","No se advierte obstáculo competencial directo; el límite práctico sería la disponibilidad de recursos del pliego 150101 para financiar contenidos, instructores, logística y equipamiento de capacitación.",,Ley Orgánica de Municipalidades - Ley N.° 27972: https://www.sat.gob.pe/TransparenciaV3/Portals/0/Docs/NormasOtrasEntidades/Ley_Organica_27972.pdf | Municipalidad Metropolitana de Lima - Transparencia / ROF: https://www.transparencia.gob.pe/enlaces/pte_transparencia_enlaces.aspx?id_entidad=1434&id_tema=5&ver=D | Portal oficial MML: https://www.munlima.gob.pe
Se puede ejecutar,seguridad,Demócrata Verde,"Generar sinergias Interinstitucionales Municipalidad de Lima Metropolitana - PNP - Sociedad Civil - Entidades Públicas y privadas (Amigos por la Seguridad Ciudadana de Lima), para coadyuvar la seguridad ciudadana; al margen del Comité Regional de Seguridad Ciudadana de Lima Metropolitana.",Generar,Sin plazo definido,"La promesa encaja con las competencias de la Municipalidad Metropolitana de Lima porque el artículo 85 de la Ley 27972 le permite establecer un sistema de seguridad ciudadana con participación de la sociedad civil y de la Policía Nacional, y coordinar con municipalidades distritales y la PNP el servicio interdistrital de serenazgo y seguridad ciudadana. Además, la misma norma habilita a la provincia a crear, normar, dirigir y controlar el Sistema Metropolitano de Seguridad Ciudadana, por lo que la generación de sinergias interinstitucionales y con privados es una acción municipal propia, no una función ajena al gobierno local. En el ROF de la MML aprobado por Ordenanza 2537-2023, la entidad mantiene estructura orgánica vinculada a seguridad ciudadana y serenazgo, y el presupuesto del pliego 150101 existe para ese fin; la consulta del MEF identifica al pliego 150101 como la MML con financiamiento vigente para seguridad ciudadana en el presupuesto 2026.",,,Ley Orgánica de Municipalidades - Ley 27972: https://www.mef.gob.pe/contenidos/presu_publ/capacita/programacion_formulacion_presupuestal2012/Anexos/ley27972.pdf | Decreto Supremo / marco del serenazgo municipal: https://busquedas.elperuano.pe/dispositivo/NL/1974970-6 | Ordenanza N.° 2537-2023 - ROF de la MML: https://busquedas.elperuano.pe/dispositivo/NL/2170330-1 | MEF - Presupuesto aprobado año 2026: https://www.mef.gob.pe/es/?option=com_content&language=es-ES&Itemid=101156&lang=es-ES&view=article&id=8622
Se puede ejecutar,seguridad,Fuerza Popular,"Promover la seguridad ciudadana como prioridad fundamental de la gestión municipal, fortaleciendo la articulación entre la Municipalidad Metropolitana, la Policía Nacional del Perú y los gobiernos distritales.",Promover,Sin plazo definido,"La promesa se encuadra en competencias propias de la Municipalidad Metropolitana de Lima: el artículo 85.1.1 de la Ley 27972 le atribuye establecer el sistema de seguridad ciudadana con participación de la sociedad civil y la PNP, y el mismo marco le permite normar y organizar serenazgo metropolitano; además, el ROF de la MML aprobado por Ordenanza 2537 desarrolla esas funciones en la estructura municipal. El enunciado promete promover la articulación entre MML, PNP y distritos, lo que coincide con una función ya existente de coordinación y conducción del sistema de seguridad ciudadana en la provincia. El presupuesto del pliego 150101 existe y la MML cuenta con programas y áreas operativas vinculadas a serenazgo y seguridad ciudadana, por lo que la acción puede ejecutarse sin crear una competencia nueva.","La promesa no asegura por sí sola mayor capacidad operativa ni metas verificables; la coordinación con la PNP no depende exclusivamente de la MML y la mejora del servicio puede encontrar límites presupuestales del pliego 150101, que tiene baja inversión per cápita.","No requiere ordenanza nueva para formular la articulación básica, pero su ampliación operativa depende de programación en el PIA/PIM, convenios interinstitucionales con la PNP y gobiernos distritales, y eventualmente reasignación o priorización presupuestal dentro del pliego 150101.",Ley N.° 27972 - Ley Orgánica de Municipalidades: https://www.mef.gob.pe/contenidos/presu_publ/capacita/programacion_formulacion_presupuestal2012/Anexos/ley27972.pdf | Ordenanza N.° 2537 - Reglamento de Organización y Funciones de la MML: https://busquedas.elperuano.pe/dispositivo/NL/2170330-1 | Municipalidad Metropolitana de Lima - Transparencia: https://www.transparencia.gob.pe/enlaces/pte_transparencia_enlaces.aspx?id_entidad=1434&id_tema=5&ver=D | Consulta de presupuesto público - pliego 150101: https://apps5.mineco.gob.pe/
Se puede ejecutar,seguridad,Juntos por el Perú,"Fortalecer la seguridad ciudadana en la ejecución de obras civiles mediante la articulación con la PNP, serenazgo, videovigilancia y drones.",Fortalecer,2027 - 2030,"La promesa se ubica dentro de la competencia municipal provincial de seguridad ciudadana: el artículo 85.1.1 de la Ley 27972 faculta a la municipalidad provincial a establecer el sistema de seguridad ciudadana, con participación de la PNP, y a normar el serenazgo; además, el artículo 20.17 le permite aprobar y reglamentar el Sistema Metropolitano de Seguridad Ciudadana y crear el Serenazgo Municipal Metropolitano. El ROF de la MML aprobado por Ordenanza 2537 y sus modificatorias reconoce esa estructura funcional, por lo que la articulación con PNP, serenazgo, videovigilancia y drones puede ejecutarse con los órganos ya existentes si se orienta a seguridad en el ámbito de obras civiles. En el pliego 150101 de la MML existe presupuesto propio para seguridad ciudadana y fiscalización, y la propuesta no exige asumir funciones de la PNP ni ejecutar infraestructura nacional, sino coordinar y reforzar medios municipales de control.","La MML no puede dirigir operativamente a la PNP ni convertir la coordinación en potestad sobre una entidad del Ejecutivo; además, el uso intensivo de drones y ampliación de videovigilancia puede requerir cobertura presupuestal específica dentro del PIM vigente o reprogramaciones internas si no están ya previstas en la cadena funcional programática.",,Ley Orgánica de Municipalidades - Ley N.° 27972: https://www.leyes.congreso.gob.pe/Documentos/Leyes/27972.pdf | Ordenanza N.° 2537 - ROF de la Municipalidad Metropolitana de Lima: https://busquedas.elperuano.pe/dispositivo/NL/2170330-1 | Municipalidad Metropolitana de Lima - Transparencia: https://www.transparencia.gob.pe/enlaces/pte_transparencia_enlaces.aspx?id_entidad=1434&id_tema=5&ver=D
Se puede ejecutar,seguridad,PARTIDO_PATRIOTICO_DEL_PERU,"La Municipalidad Metropolitana de Lima impulsará una política integral de seguridad basada en la prevención, la coordinación institucional, el fortalecimiento tecnológico y la recuperación progresiva de espacios públicos.",impulsará,Sin plazo definido,"La promesa es compatible con competencias municipales ya existentes: el artículo 85 de la Ley 27972 asigna a las municipalidades provinciales establecer un sistema de seguridad ciudadana con participación vecinal y de la PNP, coordinar el serenazgo interdistrital y organizar serenazgo metropolitano; además, la MML cuenta con funciones de fiscalización, control del comercio ambulatorio y recuperación de espacios públicos. El componente de prevención, coordinación institucional, fortalecimiento tecnológico y recuperación progresiva de espacios públicos puede ejecutarse como política de gestión del serenazgo y de seguridad ciudadana sin requerir una habilitación legal nueva. No se aprecia que el verbo 'impulsará' exija una reforma normativa previa ni un cambio de presupuesto específico, y la MML ya opera un marco orgánico para serenazgo metropolitano y seguridad ciudadana bajo su ROF.","La limitación principal es presupuestal y operativa: el pliego 150101 tiene una inversión per cápita de S/ 7.42, la menor del país, por lo que la ampliación tecnológica o el incremento de cobertura dependerán de reprogramación interna, eficiencia del gasto o priorización en el PIM. También depende de coordinación con la PNP y municipios distritales para acciones interdistritales, pero eso no elimina la competencia municipal.","Para escalar tecnología, patrullaje y recuperación de espacios públicos podría requerirse ajuste del PIA/PIM o programación en el siguiente ejercicio fiscal, sin que ello sea indispensable para iniciar la política. Si se busca una expansión material relevante, el mecanismo habilitador sería una reorientación presupuestal dentro del pliego 150101 y, de corresponder, una ordenanza o directiva interna que ordene prioridades de serenazgo y recuperación urbana.",Ley Orgánica de Municipalidades - Ley 27972: https://www.mef.gob.pe/contenidos/presu_publ/capacita/programacion_formulacion_presupuestal2012/Anexos/ley27972.pdf | Ley del Servicio de Serenazgo Municipal: https://busquedas.elperuano.pe/dispositivo/NL/1974970-6 | MML - Ordenanza 2537 ROF y organigrama: https://www.munlima.gob.pe/ | Consulta Amigable MEF - Pliego 150101: https://apps5.mineco.gob.pe/
Se puede ejecutar,seguridad,Partido Aprista Peruano,Pondremos a disposición de la ciudadanía un mapa metropolitano del delito de acceso público,Pondremos,Sin plazo definido,"La promesa es de competencia municipal metropolitana: la Ley 27972 asigna a las municipalidades provinciales establecer un sistema de seguridad ciudadana con participación de la PNP y normar el serenazgo, y además a Lima Metropolitana le corresponde crear, normar, dirigir y controlar su sistema metropolitano de seguridad ciudadana. El ROF de la MML, aprobado por Ordenanza 2537, organiza esa función dentro de su estructura, y el marco citado para serenazgo prevé la remisión de ocurrencias georreferenciadas para elaborar conjuntamente el mapa del delito. En el pliego 150101 la MML ya cuenta con presupuesto institucional para ejecutar funciones de seguridad ciudadana, por lo que publicar un mapa metropolitano del delito de acceso público puede hacerse con capacidades y funciones ya existentes, sin requerir una ley nueva ni esperar al siguiente ejercicio fiscal.","La fuente de datos final del mapa depende de información compartida y validada con la PNP/comisarías; la municipalidad no controla por sí sola toda la producción de datos delictivos. El resultado también requiere tratamiento de datos, georreferenciación y actualización operativa para evitar desfasaje entre ocurrencias registradas y publicación pública.",,Ley Orgánica de Municipalidades (Ley 27972): https://jurispol.pe/ley-organica-de-municipalidades-ley-27972/ | Ordenanza N.° 2537 - ROF de la MML: https://busquedas.elperuano.pe/dispositivo/NL/2170330-1 | Registro estandarizado de ocurrencias / mapa del delito: https://busquedas.elperuano.pe/dispositivo/NL/2277111-1 | Consulta Amigable MEF - Seguimiento de ejecución presupuestal: https://www.gob.pe/institucion/mef/tramites-y-servicios
Se puede ejecutar,seguridad,Partido Cívico Obras,"Recuperación de espacios públicos complejos, programas de prevención social y reforma del marco normativo local.",Recuperación,Largo Plazo (2 a 5 años),"La recuperación de espacios públicos complejos y la acción de serenazgo sí están dentro de la competencia municipal de la MML: el artículo 85 de la Ley 27972 faculta a las municipalidades provinciales a establecer el sistema de seguridad ciudadana, normar serenazgo y coordinar con la PNP, y el ROF de la MML aprobado por Ordenanza 2537 organiza esas funciones en su estructura. Además, la MML ya cuenta con órganos y servicios vinculados a seguridad ciudadana, fiscalización, recuperación urbana y gestión del centro histórico dentro del pliego 150101, por lo que el compromiso puede ejecutarse con competencias y programas existentes. La parte de ""prevención social"" es viable solo en la medida en que se limite a intervenciones municipales de prevención situacional, convivencia, educación ciudadana o articulación local; no puede asumir funciones de salud o educación básica, que no son competencia directa de la MML.","La fórmula es amplia y, si se interpreta como prevención social en sentido de política social integral, excede competencias municipales directas en educación básica, salud primaria y seguridad pública policial; además, la capacidad operativa depende del presupuesto del pliego 150101, que es el menor del país en inversión per cápita (S/ 7.42, según el contexto proporcionado).","Si el candidato pretende ampliar cobertura, metas o nuevos programas de prevención, requerirá ajuste del PIA/PIM, priorización presupuestal del pliego 150101 o una ordenanza metropolitana que precise el alcance y la implementación; para componentes de articulación social, también puede requerirse convenio interinstitucional con entidades competentes.",Ley Orgánica de Municipalidades - Ley N.° 27972: https://www.mef.gob.pe/es/normatividad/por-temas/descentralizacion/6838-ley-n-27972-1/file | Ordenanza N.° 2537 - ROF de la Municipalidad Metropolitana de Lima: https://busquedas.elperuano.pe/dispositivo/NL/2170330-1 | Transparencia de la Municipalidad Metropolitana de Lima: https://www.transparencia.gob.pe/enlaces/pte_transparencia_enlaces.aspx?id_entidad=1434&id_tema=5&ver=D | Portal del Estado Peruano - Municipalidad Metropolitana de Lima: https://www.gob.pe/institucion/munlima
Se puede ejecutar,seguridad,Partido Morado,Ampliar la participación vecinal en materia de seguridad en la provincia empoderando a la comunidad organizada como el primer anillo de prevención.,Ampliar,Sin plazo definido,"La promesa se enmarca en la competencia municipal provincial de seguridad ciudadana: el artículo 73.2.2 y el artículo 85.1.1 de la Ley 27972 permiten a la municipalidad establecer un sistema de seguridad ciudadana con participación de la sociedad civil y de la PNP, y normar el serenazgo y la vigilancia ciudadana; además, la MML puede crear, normar, dirigir y controlar su Sistema Metropolitano de Seguridad Ciudadana. El componente de “participación vecinal” puede ejecutarse hoy mediante articulación con juntas vecinales, comités y mecanismos de participación ya previstos en el marco municipal, sin invadir funciones de la PNP. No requiere una nueva competencia ni la programación de una obra o servicio nacional, y encaja con el rol institucional de seguridad ciudadana de la MML, aunque su alcance real dependerá de la capacidad operativa del pliego 150101, cuyo presupuesto para inversión per cápita es bajo (S/ 7.42) pero no impide esta acción de gestión y organización.","El principal obstáculo es operativo y de escala: la MML no sustituye a la PNP y la promesa no garantiza por sí sola reducción del delito; además, el bajo margen presupuestal del pliego 150101 limita ampliaciones intensivas de serenazgo, tecnología o capacitación si no se priorizan dentro del PIM.",,Ley Orgánica de Municipalidades - Ley 27972: https://www.mef.gob.pe/contenidos/presu_publ/capacita/programacion_formulacion_presupuestal2012/Anexos/ley27972.pdf | Portal de Transparencia de la Municipalidad Metropolitana de Lima: https://www.transparencia.gob.pe/enlaces/pte_transparencia_enlaces.aspx?id_entidad=1434&id_tema=5&ver=D | Consulta de presupuesto público MEF - Pliego 150101: https://apps5.mineco.gob.pe/
Se puede ejecutar,seguridad,Podemos Peru,"Realizar simulacros focalizados y capacitaciones para inspectores municipales, instituciones de respuesta, mercados, colegios y barrios vulnerables, fortaleciendo una cultura de prevención que no se active recién cuando la emergencia ya tocó la puerta.",Realizar,Sin plazo definido,"La promesa encaja con la competencia municipal de prevención y seguridad ciudadana: la Ley 27972 asigna a las municipalidades la función de establecer sistemas de seguridad ciudadana y promover acciones de prevención, y el ROF de la MML atribuye a la Gerencia de Seguridad Ciudadana planificar y supervisar acciones de prevención, programar actividades de información y prevención y capacitar a los serenos. Además, el ROF de la MML fue aprobado por la Ordenanza 2537, que organiza esas funciones dentro de la estructura vigente, por lo que la actividad puede ejecutarse con los órganos existentes sin crear una nueva competencia. El propio marco de gestión de riesgos citado en documentos de la administración pública prevé simulacros y sensibilización focalizada en áreas de alto y muy alto riesgo, lo que es compatible con mercados, colegios y barrios vulnerables dentro del ámbito local metropolitano.","La promesa debe ejecutarse dentro del alcance municipal de seguridad y prevención; no puede sustituir funciones de la PNP, MINEDU o MINSA en instituciones o respuestas sectoriales, y si se busca ampliar cobertura, frecuencia o logística podría requerir programación presupuestal específica en el PIA/PIM del pliego 150101.",,Ley Orgánica de Municipalidades - Ley N.° 27972: https://www.mef.gob.pe/contenidos/presu_publ/capacita/programacion_formulacion_presupuestal2012/Anexos/ley27972.pdf | Ordenanza N.° 2537 - ROF de la Municipalidad Metropolitana de Lima: https://busquedas.elperuano.pe/dispositivo/NL/2170330-1 | Ordenanza N.° 2535 y ROF MML: https://busquedas.elperuano.pe/dispositivo/NL/2223921-1
Se puede ejecutar,seguridad,Progresemos,Aumento de adquisición de equipos no letales en la lucha contra la inseguridad ciudadana.,Aumento,Sin plazo definido,"La promesa se encuadra en la función municipal de seguridad ciudadana: el artículo 85.1.1 de la Ley 27972 obliga a las municipalidades provinciales a establecer un sistema de seguridad ciudadana y normar el serenazgo, y el artículo 9 permite aprobar el presupuesto y autorizar adquisiciones dentro de sus competencias. La MML ya tiene base orgánica para serenazgo y seguridad ciudadana en su ROF aprobado por Ordenanza 2537-MML, por lo que la compra de equipos no letales puede ejecutarse con sus funciones vigentes sin requerir una competencia ajena al gobierno local. El obstáculo no es jurídico sino de magnitud presupuestal: el pliego 150101 de la MML es el menor en inversión per cápita del país (S/ 7.42), por lo que la viabilidad depende de que la adquisición se financie dentro del PIA/PIM o mediante una reprogramación interna compatible con su presupuesto vigente.",Limitación presupuestal del pliego 150101 para ampliar adquisiciones sin afectar otras prioridades del serenazgo; necesidad de que la compra se ajuste a la programación y disponibilidad de bienes y servicios del ejercicio vigente.,"Si el monto específico no está previsto en el PIA/PIM, requiere reprogramación presupuestal interna o incorporación en el siguiente presupuesto institucional, además de la gestión logística y de contratación correspondiente; no exige ordenanza nueva si la adquisición se mantiene dentro de las funciones de serenazgo ya existentes.",Ley N.° 27972 - Ley Orgánica de Municipalidades: https://www.mef.gob.pe/contenidos/presu_publ/capacita/programacion_formulacion_presupuestal2012/Anexos/ley27972.pdf | Ordenanza N.° 2537-MML - Reglamento de Organización y Funciones: https://www.munlima.gob.pe | Consulta Amigable MEF - Pliego 150101: https://apps5.mineco.gob.pe
Se puede ejecutar,seguridad,Renovación Popular,"Ejecutaré operativos conjuntos de fiscalización y seguridad ciudadana, para la recuperación de espacios públicos y vías metropolitanas que hayan sido invadidas ilegalmente.",Ejecutaré,Sin plazo definido,"La promesa se ubica dentro de competencias municipales ya reconocidas a la MML: la Ley 27972 asigna a las municipalidades provinciales funciones de fiscalización del uso de la vía pública y de seguridad ciudadana, incluyendo serenazgo y coordinación con la PNP (arts. 79, 80, 85 y 86, según el ámbito funcional aplicable). El ROF de la MML aprobado por Ordenanza 2537 prevé a la Gerencia de Seguridad Ciudadana para conducir procesos de seguridad ciudadana y al órgano de fiscalización/operaciones para ejecutar operativos; por tanto, “operativos conjuntos de fiscalización y seguridad ciudadana” ya encaja en la estructura vigente. Además, el presupuesto del pliego 150101 existe y la MML ya opera servicios y programas vinculados a serenazgo, fiscalización y recuperación de espacios públicos; la promesa describe una intensificación operativa, no una creación ex novo de competencia ni una obra o servicio nuevo.","La recuperación material de bienes o vías invadidas puede requerir coordinación con la PNP, apoyo del Ministerio Público o procesos administrativos/judiciales cuando exista resistencia o controversia de posesión; la MML no sustituye a esas entidades. Si la intervención exige mayor cobertura, patrullaje o logística, podría tensionar el PIM disponible del pliego 150101.",,Ley Orgánica de Municipalidades - Ley 27972: https://www.leyes.congreso.gob.pe/Documentos/Leyes/27972.pdf | Ordenanza N.° 2537 - ROF de la Municipalidad Metropolitana de Lima: https://busquedas.elperuano.pe/dispositivo/NL/2170330-1 | Decreto Supremo reglamentario de la Ley del Serenazgo Municipal: https://busquedas.elperuano.pe/dispositivo/NL/2099650-6 | MEF - Consulta Amigable / pliego 150101: https://apps5.mineco.gob.pe/
Se puede ejecutar,seguridad,Somos Perú,"Mitigar los niveles de inseguridad y articular la vigilancia entre la MML, distritos y PNP",mitigar,Sin plazo definido,"La promesa se ubica dentro de la competencia municipal provincial de seguridad ciudadana: el artículo 85.1.1 de la Ley 27972 faculta a la municipalidad provincial a establecer un sistema de seguridad ciudadana con participación de la PNP y a normar el serenazgo, y el artículo 85.1.17-18 permite aprobar el Sistema Metropolitano de Seguridad Ciudadana, crear el Serenazgo Municipal Metropolitano y dictar normas para brindar el servicio con cooperación policial. El ROF de la MML aprobado por Ordenanza 2537 contiene la estructura orgánica para ejecutar funciones de serenazgo, fiscalización y coordinación metropolitana, por lo que “articular la vigilancia entre la MML, distritos y PNP” es una acción que puede ejecutarse con las competencias ya vigentes. La promesa no exige crear una nueva competencia ni esperar una reforma normativa; además, el propio marco ya prevé coordinación provincial-distrital y con la PNP en seguridad ciudadana. El límite material es operativo y presupuestal, pero no aparece como impedimento jurídico para iniciar la articulación con los mecanismos existentes del pliego 150101.","La mejora de cobertura, patrullaje integrado o más recursos para serenazgo depende de capacidad operativa y de ejecución del pliego 150101; no se identifica una prohibición legal para la coordinación, pero sí restricciones de recursos y de coordinación interinstitucional con distritos y PNP.",,"Ley N.° 27972, Ley Orgánica de Municipalidades: https://www.mef.gob.pe/contenidos/presu_publ/capacita/programacion_formulacion_presupuestal2012/Anexos/ley27972.pdf | Ordenanza N.° 2537 de la Municipalidad Metropolitana de Lima: https://busquedas.elperuano.pe/dispositivo/NL/2170330-1 | Portal de transparencia de la Municipalidad Metropolitana de Lima: https://www.transparencia.gob.pe/enlaces/pte_transparencia_enlaces.aspx?id_entidad=1434&id_tema=5&ver=D"
Se puede ejecutar,seguridad,Visión Perú,"Se recuperarán los espacios públicos críticos mediante intervención integral: iluminación LED, limpieza, cámaras, presencia de serenazgo, actividades culturales, deporte, ferias ordenadas, módulos de orientación ciudadana y participación vecinal.",recuperarán,Sin plazo definido,"La promesa se ubica dentro de competencias municipales ya existentes de la MML: la Ley 27972, artículo 85, reconoce a la municipalidad provincial la función de establecer el sistema de seguridad ciudadana y normar serenazgo, así como dictar medidas para la convivencia y cooperación con la PNP. El ROF de la MML asigna a Cultura la promoción de actividades culturales y artísticas, y la municipalidad ya administra servicios vinculados a limpieza, fiscalización, serenazgo y ornato en su ámbito de competencia. Con cargo al pliego 150101, la intervención puede ejecutarse con programas y servicios ya vigentes, sin requerir una nueva habilitación normativa para iniciar acciones de iluminación, limpieza, presencia de serenazgo, actividades culturales, deporte, ferias ordenadas, módulos de orientación y articulación vecinal.","La promesa requiere coordinación operativa entre varias gerencias y suficiente disponibilidad presupuestal en el pliego 150101, cuya inversión per cápita es baja; además, la parte de iluminación LED y algunas mejoras urbanas pueden depender de priorización de gasto e ինտervenciones ya programadas en el PIA/PIM. No comprende funciones exclusivas de la PNP, MINEDU o MINSA, por lo que no puede sustituir su actuación.",,Ley Orgánica de Municipalidades - Ley N.° 27972: https://www.mef.gob.pe/contenidos/presu_publ/capacita/programacion_formulacion_presupuestal2012/Anexos/ley27972.pdf | ROF de la Municipalidad Metropolitana de Lima - Ordenanza N.° 2537: https://busquedas.elperuano.pe/api/archivo/file/AScjuKSOaCyA-szt2ZJhPW/*/2332057-1.PDF | Municipalidad Metropolitana de Lima - Portal institucional: https://munlima.gob.pe/
No puede ejecutarse,seguridad,Avanza País,"Se desarrollará un programa metropolitano de recompensas orientado a facilitar la identificación y captura de responsables vinculados a homicidios, sicariato y organizaciones criminales violentas.",desarrollará,Sin plazo definido,"La MML sí tiene competencia para crear, normar, dirigir y controlar el Sistema Metropolitano de Seguridad Ciudadana y el serenazgo conforme al artículo 85 de la Ley 27972, pero la promesa de un ""programa metropolitano de recompensas"" para homicidios, sicariato y organizaciones criminales violentas se vincula a mecanismos de captura e identificación de delincuentes que no forman parte de las funciones ordinarias municipales y se asocian a la política de recompensas del Estado. El ROF de la MML aprobado por Ordenanza 2537 organiza funciones de seguridad ciudadana y fiscalización, pero no muestra una competencia directa para administrar un régimen propio de recompensas penales. Además, el pliego 150101 de la MML tiene la menor inversión per cápita del país (S/ 7.42, Proyecto de Presupuesto 2025), lo que vuelve incompatible asumir una política nueva de alcance operativo nacional sin base presupuestal específica ya incorporada.",Falta competencia municipal directa para un régimen de recompensas orientado a capturas penales; ausencia de habilitación normativa expresa en el marco orgánico metropolitano; recursos del pliego 150101 insuficientes para sostener una política nueva de esa naturaleza sin financiamiento adicional.,"Solo podría acercarse a una versión municipal si se limita a incentivos no penales dentro del sistema de seguridad ciudadana ya existente, mediante ordenanza metropolitana y asignación presupuestal específica en el PIA/PIM; para un verdadero programa de recompensas se requeriría coordinación y habilitación externa fuera de la MML.",Ley Orgánica de Municipalidades - Ley 27972: https://www.leyes.congreso.gob.pe/Documentos/Leyes/27972.pdf | ROF de la Municipalidad Metropolitana de Lima - Ordenanza 2537: https://busquedas.elperuano.pe/dispositivo/NL/2170330-1 | Transparencia - Municipalidad Metropolitana de Lima: https://www.transparencia.gob.pe/enlaces/pte_transparencia_enlaces.aspx?id_entidad=1434&id_tema=5&ver=D | Ley Orgánica de Municipalidades - texto concordado: https://www.mef.gob.pe/contenidos/presu_publ/capacita/programacion_formulacion_presupuestal2012/Anexos/ley27972.pdf
No puede ejecutarse,seguridad,Demócrata Verde,"Realizar en forma articulada con todas las Municipalidades distritales de Lima Metropolitana a través de un Programa Lima Segura y Sin Fronteras, para realizar operativos en cubierto de inteligencia y contrainteligencia.",Realizar,Sin plazo definido,"La Ley 27972, artículo 85, permite a la MML establecer un sistema de seguridad ciudadana, normar serenazgo y coordinar con la PNP, pero no le atribuye funciones de inteligencia ni contrainteligencia, que corresponden a órganos especializados del Estado y no a un gobierno local. La promesa usa el verbo ""realizar operativos en cubierto"", una actividad que excede las competencias municipales del pliego 150101; además, el propio organigrama de la MML mostrado en transparencia se estructura en torno a seguridad ciudadana/serenazgo, no a inteligencia operativa. Con un presupuesto per cápita de S/ 7.42 en el pliego 150101, la municipalidad carece de un respaldo presupuestal identificado para crear una capacidad de esa naturaleza sin una reconfiguración normativa y financiera previa.",Falta de competencia legal para inteligencia y contrainteligencia; ausencia de base orgánica expresa en el ROF/ordenanza metropolitana para operativos encubiertos de esa naturaleza; insuficiencia de presupuesto identificado en el pliego 150101 para crear una capacidad operativa nueva.,"Solo podría acercarse mediante una ordenanza metropolitana que reformule funciones de seguridad ciudadana dentro del marco del artículo 85, más ajuste del PIA/PIM o programación presupuestal del siguiente ejercicio; aun así, no habilitaría inteligencia/contrainteligencia, porque esa materia no es municipal.","Ley Orgánica de Municipalidades, Ley N.° 27972: https://www.mef.gob.pe/contenidos/presu_publ/capacita/programacion_formulacion_presupuestal2012/Anexos/ley27972.pdf | Municipalidad Metropolitana de Lima - Transparencia: https://www.transparencia.gob.pe/enlaces/pte_transparencia_enlaces.aspx?id_entidad=1434&id_tema=5&ver=D | Consulta Amigable MEF / Proyecto de Presupuesto 2025: https://apps5.mineco.gob.pe/ | Portal de normas de la Municipalidad Metropolitana de Lima: https://munlima.gob.pe/transparencia"
No puede ejecutarse,infraestructura,Renovación Popular,Los principales contribuyentes pagarán el impuesto a la renta anual en un 50% a la SUNAT y el otro 50% lo invertirán directamente en obras de infraestructura con certificación internacional (Iniciativa Legislativa).,pagarán,Sin plazo definido,"La promesa plantea que la MML haga que contribuyentes destinen 50% del impuesto a la renta a la SUNAT y el otro 50% a obras de infraestructura; eso excede la competencia municipal y corresponde al sistema tributario nacional, no al concejo ni al alcalde metropolitano. La Ley 27972 solo permite a la municipalidad aprobar ordenanzas y administrar sus competencias propias; en la MML el ROF aprobado por Ordenanza 2537 organiza funciones sobre transporte, fiscalización, residuos, ornato y gestión municipal, pero no modifica tributos nacionales ni obliga a un mecanismo de inversión privada con efecto tributario. Además, el pliego 150101 de la MML tiene una inversión per cápita de S/ 7.42 y la ejecución presupuestal municipal no habilita una reasignación del impuesto a la renta de terceros mediante una iniciativa local. La referencia a una “Iniciativa Legislativa” confirma que el mecanismo dependería del Congreso y del gobierno nacional, no de una decisión ejecutiva de la alcaldía.",Excede la competencia de un gobierno local provincial; no existe potestad municipal para dividir o redirigir el impuesto a la renta nacional; requiere reforma legal nacional y decisión del Congreso/MEF/SUNAT; el pliego 150101 no contiene recursos ni facultades para imponer ese esquema.,"Solo podría intentarse mediante una iniciativa legislativa nacional impulsada políticamente, seguida de reforma legal tributaria y, luego, reglamentación y coordinación con SUNAT/MEF; no puede habilitarse con ordenanza metropolitana ni con ajuste del PIA/PIM de la MML.",Ley Orgánica de Municipalidades - Ley N.° 27972: https://www.mef.gob.pe/contenidos/presu_publ/capacita/programacion_formulacion_presupuestal2012/Anexos/ley27972.pdf | Ordenanza N.° 2537 - ROF de la Municipalidad Metropolitana de Lima: https://busquedas.elperuano.pe/dispositivo/NL/2170330-1 | Ordenanza N.° 2537 - ROF de la Municipalidad Metropolitana de Lima: https://busquedas.elperuano.pe/dispositivo/NL/2402206-1 | Proyecto de Presupuesto 2025 - Pliego 150101 Municipalidad Metropolitana de Lima: https://www.mef.gob.pe/
No puede ejecutarse,economia,Partido Morado,Se estructurará un marco normativo provincial de incentivos fiscales locales para aquellas corporaciones que contraten jóvenes bajo la modalidad de primer empleo formal.,Se estructurará,Sin plazo definido,"La promesa de crear un marco provincial de incentivos fiscales locales para corporaciones que contraten jóvenes bajo primer empleo formal excede la competencia tributaria ordinaria de la MML: la Ley 27972 reconoce promoción del desarrollo económico local (art. 73.2.8) y la potestad de crear, modificar y suprimir contribuciones, tasas, arbitrios, licencias y derechos dentro de los límites legales (arts. 40 y 69), pero no habilita a la municipalidad a diseñar exoneraciones o créditos sobre tributos nacionales ni beneficios fiscales laborales. Además, el sistema tributario municipal se rige por ley especial y el Código Tributario, por lo que un incentivo fiscal a la renta o a la planilla de empresas requeriría habilitación nacional; no basta una ordenanza metropolitana. Con el pliego 150101 la MML maneja un presupuesto limitado y disperso en funciones locales, por lo que no existe margen para prometer un beneficio fiscal de alcance empresarial sin soporte normativo superior.",Falta de competencia municipal para crear incentivos fiscales que incidan en tributos nacionales o en costos laborales; la MML solo puede regular tributos municipales dentro de ley. El pliego 150101 no financia una política de exoneración tributaria empresarial de ese tipo sin base legal nacional.,"Solo podría avanzarse en una medida de promoción económica no tributaria mediante ordenanza metropolitana, convenios o programas de articulación laboral, o en un incentivo estrictamente municipal si una ley nacional lo habilitara expresamente y luego se incorporara al PIA/PIM del siguiente ejercicio.",Ley Orgánica de Municipalidades - Ley N.° 27972: https://www.leyes.congreso.gob.pe/Documentos/Leyes/27972.pdf | Ley Orgánica de Municipalidades - versión concordada: https://www.mef.gob.pe/contenidos/presu_publ/capacita/programacion_formulacion_presupuestal2012/Anexos/ley27972.pdf | Ley que promueve el acceso de jóvenes al mercado laboral e impulsa medidas de prevención y protección laboral: https://spij.minjus.gob.pe/Normas/textos/161214T.pdf
Requiere condiciones previas,salud,Acción Popular,"En articulación con las áreas de desarrollo social y de salud de la MML, se promoverá servicios de orientación psicológica breve, talleres de prevención y espacios de acompañamiento comunitario.",promoverá,Sin plazo definido,"La promesa encaja parcialmente en las funciones municipales de la MML porque la Ley 27972 le permite planificar y promover el desarrollo social (art. 73.1.1) y, en salud, realizar campañas de salud preventiva y educación sanitaria en coordinación con el MINSA (art. 80.5.6), además de desarrollar programas de asistencia y apoyo social (art. 84). En el ROF de la MML, la Gerencia de Desarrollo Humano y sus subgerencias tienen funciones de bienestar, promoción social, inclusión y actividades vinculadas al cuidado de la salud pública, lo que habilita servicios de orientación breve, talleres y acompañamiento comunitario como intervención social municipal. Sin embargo, la ejecución no es automática: requiere programación operativa y presupuesto en el pliego 150101, cuya inversión per cápita es S/ 7.42, el menor del país, por lo que la promesa depende de priorización interna y eventual ajuste del PIA/PIM o de una ordenanza/programación institucional si se busca ampliarla.","No es una competencia sanitaria primaria propia de la MML ni sustituye la atención del MINSA/DIRIS; además, el bajo margen presupuestal del pliego 150101 limita la escala de cobertura y sostenibilidad. Si se pretende convertirlo en un servicio formal y masivo con metas nuevas, se requiere soporte presupuestal y programación específica.","Puede habilitarse mediante programación en el POI/PIA del pliego 150101 y, si corresponde, ajuste del PIM para financiar personal, materiales y difusión; si se busca institucionalizar un nuevo servicio o ampliar cobertura, sería recomendable una ordenanza metropolitana o su incorporación en el marco funcional/operativo del ROF y del presupuesto del siguiente ejercicio.",Ley N.° 27972 - Ley Orgánica de Municipalidades: https://www.munlima.gob.pe/images/descargas/normas-administrativas/Ley%2027972%20_%20Ley%20Org%C3%A1nica%20de%20Municipalidades.pdf | ROF de la MML - Ordenanza N.° 2537: https://busquedas.elperuano.pe/dispositivo/NL/2170330-1 | MML - Ordenanza N.° 2625 y modificación del ROF: https://busquedas.elperuano.pe/dispositivo/NL/2469989-1 | Transparencia MML: https://www.transparencia.gob.pe/enlaces/pte_transparencia_enlaces.aspx?id_entidad=1434&id_tema=5&ver=D
Requiere condiciones previas,salud,Ahora Nación,La MML financiará intervenciones rápidas para mejorar la infraestructura de los hogares de pacientes positivos en TB en situación de pobreza extrema.,financiará,Sin plazo definido,"La promesa sí se vincula con la materia municipal de saneamiento, salubridad y salud: la Ley 27972 permite a las municipalidades provinciales gestionar atención primaria de salud y realizar campañas de medicina preventiva y educación sanitaria en coordinación con los organismos pertinentes, por lo que Lima Metropolitana puede intervenir en apoyo a hogares vulnerables, pero no sustituir al sector salud. El ROF de la MML aprobado por Ordenanza 2537 organiza funciones metropolitanas y la propia estructura municipal no convierte esta promesa en una acción automática; además, el pliego 150101 tiene una inversión per cápita de S/ 7.42, el menor del país, lo que exige programación y priorización presupuestal para financiar intervenciones rápidas en viviendas. Por ello, la promesa no es de ejecución inmediata con el marco y recursos ya existentes; requiere habilitación presupuestaria y operativa específica dentro de la MML, normalmente mediante ajuste del PIA/PIM y articulación con las competencias compartidas en salud.",No existe una competencia municipal exclusiva para financiar mejoras de vivienda en hogares de pacientes TB; la acción se ubica en una competencia compartida y depende de coordinación con entidades de salud. El presupuesto del pliego 150101 es limitado para una intervención masiva y no se acredita una línea vigente específica para ese gasto.,"Puede habilitarse mediante ajuste del PIA/PIM del pliego 150101 y programación presupuestal específica para una intervención focalizada, o incorporándose en el presupuesto del siguiente ejercicio con convenio operativo con la autoridad de salud competente y una ordenanza/acto interno que defina el servicio y su financiamiento.",Ley N° 27972 - Ley Orgánica de Municipalidades: https://www.mef.gob.pe/es/normatividad/por-instrumento/leyes/6839-ley-n-27972-2/file | Ordenanza N° 2537 - ROF de la MML: https://busquedas.elperuano.pe/dispositivo/NL/2170330-1 | Consulta Amigable MEF - Pliego 150101: https://apps5.mineco.gob.pe/consulta-amigable | Portal de transparencia MML: https://www.transparencia.gob.pe/enlaces/pte_transparencia_enlaces.aspx?id_entidad=1434&id_tema=5&ver=D
Requiere condiciones previas,salud,Alianza Electoral Venceremos,"Lima Mente Sana: programa municipal de salud mental comunitaria con psicólogos y trabajadores sociales en mercados, parques y clubes zonales de Lima Norte, Sur y Este.",programa,Sin plazo definido,"La MML sí tiene base legal parcial para acciones de salud pública local: el artículo 80 de la Ley 27972 le permite gestionar atención primaria, construir/equipar puestos de salud y realizar campañas de medicina preventiva, primeros auxilios y educación sanitaria; eso permite intervenir en promoción y prevención, pero no sustituye la prestación sanitaria especializada del MINSA/DIRIS. Además, el ROF de la MML aprobado por Ordenanza 2537 organiza funciones metropolitanas, pero no crea por sí solo una red propia de salud mental comunitaria con cobertura territorial en mercados, parques y clubes zonales; para operar como programa sostenido requeriría encuadre institucional, recursos y probablemente una ordenanza/programación presupuestal específica. El pliego 150101-MML tiene una inversión per cápita de S/ 7.42, la menor del país, por lo que el despliegue con psicólogos y trabajadores sociales en varios territorios exige reasignación o ampliación presupuestal; no es una promesa ejecutable de inmediato con el marco descrito.","Limitación competencial para brindar servicios de salud mental como prestación continua propia; necesidad de personal especializado y financiamiento adicional en el pliego 150101; ausencia de una habilitación expresa en la normativa citada para una red municipal permanente de salud mental comunitaria en mercados, parques y clubes zonales.","Podría habilitarse mediante ordenanza metropolitana que cree el programa, con convenio interinstitucional con DIRIS/MINSA para derivación y soporte técnico, y con ajuste del PIA/PIM del pliego 150101 o programación en el siguiente ejercicio fiscal para financiar contratación/locación de psicólogos y trabajadores sociales.",Ley N° 27972 - Ley Orgánica de Municipalidades: https://www.congreso.gob.pe/Docs/DGP/DIDP/files/descentralizacion/27972.pdf | ROF de la Municipalidad Metropolitana de Lima - Ordenanza 2537: https://www.transparencia.gob.pe/enlaces/pte_transparencia_enlaces.aspx?id_entidad=1434&id_tema=5&ver=D | MEF - Pliego 150101 Municipalidad Metropolitana de Lima: https://www.mef.gob.pe/contenidos/acerc_mins/doc_gestion/POI_2026_2028.pdf
Requiere condiciones previas,salud,Alianza para el Progreso,Reducir la desnutrición crónica infantil en distritos prioritarios de Lima del 12.8% al 7% al 2030.,Reducir,2030,"La Ley 27972 sí permite a la municipalidad provincial actuar en salud mediante gestión de atención primaria y campañas de medicina preventiva, educación sanitaria y profilaxis local; el artículo 80 también la habilita a construir y equipar postas y botiquines en coordinación con distritales y organismos regionales/nacionales. Sin embargo, la meta de reducir la desnutrición crónica infantil del 12.8% al 7% al 2030 depende de articulación con MINSA, MIDIS y distritos, y no aparece como competencia exclusiva de la MML; además, el pliego 150101 es el de menor inversión per cápita del país (S/ 7.42), por lo que la meta requiere programación presupuestal y ejecución sostenida más allá de la oferta municipal vigente. La promesa puede encuadrarse en acciones municipales de prevención, vigilancia y apoyo alimentario, pero no se acredita que pueda lograrse hoy con el marco y recursos existentes sin ajuste de presupuesto y coordinación formal.",Competencia no exclusiva en resultados de nutrición infantil; necesidad de coordinación interinstitucional con salud y desarrollo social; limitación presupuestal del pliego 150101 para una reducción de esa magnitud.,"Requiere convenio específico con entidades sectoriales y distritales, reprogramación o incremento del PIA/PIM del pliego 150101, y/o incorporación en el presupuesto del siguiente ejercicio mediante una ordenanza o acuerdo de gestión que habilite programas de vigilancia nutricional, comedores y educación alimentaria.",Ley Orgánica de Municipalidades - Ley N.° 27972: https://www.munlima.gob.pe/images/descargas/normas-administrativas/Ley%2027972%20_%20Ley%20Org%C3%A1nica%20de%20Municipalidades.pdf | Consulta de normativa municipal sobre Ley 27972: https://www.sat.gob.pe/TransparenciaV3/Portals/0/Docs/NormasOtrasEntidades/Ley_Organica_27972.pdf | Portal institucional de la Municipalidad Metropolitana de Lima: https://www.munlima.gob.pe/
Requiere condiciones previas,salud,Avanza País,"Se implementará una Red Metropolitana de Hospitales Veterinarios Municipales en Lima Norte, Lima Sur, Lima Este y Lima Centro; orientada a brindar servicios veterinarios de calidad a costo social para familias de Lima Metropolitana.",implementará,Sin plazo definido,"El artículo 80 de la Ley 27972 sí habilita a las municipalidades provinciales a ejercer funciones en sanidad animal, incluyendo organizar y controlar la sanidad animal y la tenencia de animales domésticos, y a gestionar atención primaria de salud y equipar postas en coordinación con otras entidades[2][5][13]. El ROF de la MML, aprobado por Ordenanza 2537 y su TUO posterior, muestra que la entidad ya cuenta con estructura orgánica para ejecutar funciones metropolitanas, pero la creación de una red de hospitales veterinarios municipales requiere una decisión específica de implementación, no solo coordinación interna[4][11][14]. La competencia existe, pero no se aprecia como servicio ya instalado en Lima Norte, Sur, Este y Centro ni como obligación legal ya cumplida; además, el pliego 150101 opera con una inversión per cápita de S/ 7.42, lo que obliga a programación y asignación presupuestal para infraestructura, equipamiento y operación[3].","Falta de servicio veterinario metropolitano ya implementado en los cuatro ámbitos propuestos; necesidad de infraestructura, personal, equipamiento y operación financiados con el pliego 150101; eventual necesidad de armonizar la prestación con ordenanzas y programación presupuestal anual.","Aprobación de una ordenanza metropolitana que cree y regule la red, incorporación en el PIA/PIM del pliego 150101 o en el siguiente ejercicio fiscal, y, de ser necesario, convenios de apoyo técnico con entidades competentes para sanidad animal y salud pública.",Ley Nº 27972 - Ley Orgánica de Municipalidades: https://www.munlima.gob.pe/images/descargas/normas-administrativas/Ley%2027972%20_%20Ley%20Org%C3%A1nica%20de%20Municipalidades.pdf | ROF de la Municipalidad Metropolitana de Lima: https://www.transparencia.gob.pe/enlaces/pte_transparencia_enlaces.aspx?id_entidad=1434&id_tema=5&ver=D | Ordenanza N.° 2537: https://busquedas.elperuano.pe/dispositivo/NL/2170330-1 | Municipalidad Metropolitana de Lima - portal institucional: https://www.munlima.gob.pe/
Requiere condiciones previas,salud,Batalla Perú,"Garantizar servicios municipales integrados de cuidado, alimentación, salud preventiva y protección social, priorizando niñas, niños, adolescentes, personas adultas mayores y hogares vulnerables.",Garantizar,2030,"La promesa se vincula con funciones municipales en salud preventiva y coordinación local, porque el artículo 80 de la Ley 27972 permite a las municipalidades provinciales gestionar atención primaria, construir/equipar postas y realizar campañas de medicina preventiva, primeros auxilios y educación sanitaria. Sin embargo, la parte de cuidado, alimentación y protección social no se agota en una competencia ya operativa de la MML y exige programación, diseño operativo y cobertura presupuestal específica; además, la MML figura con el pliego 150101 y una inversión per cápita de S/ 7.42, la menor del país, lo que limita una expansión inmediata de servicios integrados. El ROF de la MML aprobado por Ordenanza 2537 y modificatorias estructura la entidad para ejecutar funciones metropolitanas, pero no convierte por sí solo en ejecutable una red nueva e integrada de salud y protección social sin ajustes de gestión y presupuesto.",La MML no tiene competencia directa sobre la prestación sanitaria primaria como servicio universal ni sobre alimentación y protección social en sentido amplio; esas materias requieren coordinación externa y financiamiento específico. El presupuesto del pliego 150101 es reducido para una expansión de servicios integrados y la implementación de una oferta nueva demandaría reasignación o incremento de recursos.,"Para ejecutarla sin exceder competencias, requeriría una ordenanza metropolitana que defina el alcance del servicio y su articulación con programas ya existentes, además de ajuste del PIA/PIM del pliego 150101 o programación en el siguiente ejercicio fiscal. También podría habilitarse mediante convenios con entidades de salud y protección social para la parte no municipal, manteniendo la MML el componente de prevención, orientación y focalización territorial.",Ley Orgánica de Municipalidades - Ley N.° 27972: https://www.congreso.gob.pe/Docs/DGP/DIDP/files/descentralizacion/27972.pdf | ROF de la Municipalidad Metropolitana de Lima - Ordenanza 2537: https://www.transparencia.gob.pe/enlaces/pte_transparencia_enlaces.aspx?id_entidad=1434&id_tema=5&ver=D | Consulta Amigable MEF - Pliego 150101: https://apps5.mineco.gob.pe/
Requiere condiciones previas,salud,COALICION_TRANSFORMADORA_TIERRA_VERDE.pdf,"Despliegue de los “Hospitales de la Solidaridad Móviles” enfocados en la prevención y tamizaje de la anemia infantil, desnutrición crónica y salud mental en asentamientos humanos de alta vulnerabilidad.",Despliegue,Sin plazo definido,"La MML sí tiene una base legal parcial para campañas de prevención y medicina preventiva: el artículo 80 de la Ley 27972 le permite realizar campañas locales sobre medicina preventiva, primeros auxilios, educación sanitaria y profilaxis, y también gestionar atención primaria de salud en coordinación con entidades regionales y nacionales. Sin embargo, un despliegue de “Hospitales de la Solidaridad Móviles” para tamizaje y atención de anemia, desnutrición crónica y salud mental no es una acción ya operativa por sí misma en el marco ordinario de la MML, sino una nueva modalidad de servicio que exigiría habilitación operativa, programación presupuestal y coordinación interinstitucional. El ROF de la MML fue aprobado por Ordenanza 2537 y modificatorias, pero la viabilidad concreta dependería de que la propuesta se integre a funciones ya existentes o se cree mediante ajuste normativo y presupuestal específico. El presupuesto del pliego 150101 de la MML sigue siendo limitado; el contexto aportado indica una inversión per cápita de S/ 7.42, el menor del país, lo que hace improbable financiar un despliegue móvil de alcance metropolitano sin reprogramación o nuevo financiamiento.","La MML no tiene competencia directa en salud primaria ni salud mental como servicio asistencial continuo del sistema de salud; la intervención propuesta requiere coordinación con MINSA/DIRIS y eventualmente convenios operativos. Además, el pliego 150101 presenta restricción presupuestal relevante para financiar unidades móviles, personal, equipamiento, insumos y operación sostenida.","Puede habilitarse mediante ordenanza metropolitana que precise la intervención dentro de las funciones del artículo 80 de la Ley 27972, más ajuste del PIA/PIM o programación en el siguiente ejercicio fiscal, y suscripción de convenios con DIRIS/MINSA para tamizaje, referencia y atención.",Ley Orgánica de Municipalidades - Ley N° 27972: https://www.mef.gob.pe/contenidos/presu_publ/capacita/programacion_formulacion_presupuestal2012/Anexos/ley27972.pdf | Ordenanza N° 2537 - ROF de la MML: https://busquedas.elperuano.pe/dispositivo/NL/2170330-1 | Municipalidad Metropolitana de Lima - Transparencia: https://www.transparencia.gob.pe/enlaces/pte_transparencia_enlaces.aspx?id_entidad=1434&id_tema=5&ver=D
Requiere condiciones previas,salud,Demócrata Verde,"Garantizar la atención en salud de Lima, con la prestación de salud de calidad a precios accesibles en todos los establecimientos de salud, con el Sistema Metropolitano de la Solidaridad (SISOL) e incremento de más centros de salud, para los distritos de Surquillo, Comas, Magdalena del Mar, El Agustino, Los Olivos y Puente Piedra, entre otros.",Garantizar,Sin plazo definido,"La promesa sí se conecta parcialmente con el artículo 80 de la Ley 27972, que permite a la municipalidad provincial gestionar la atención primaria de salud y construir/equipar postas, botiquines y puestos de salud, además de realizar campañas de medicina preventiva y educación sanitaria. Sin embargo, la frase ""garantizar la atención en salud de Lima"" excede la sola función municipal porque la prestación sanitaria continua y la habilitación/operación de establecimientos dependen de coordinación con entidades regionales y nacionales, mientras que el pliego 150101 de la MML tiene la menor inversión per cápita del país (S/ 7.42), lo que exige programación y sostenibilidad presupuestal. La oferta de ampliar SISOL y abrir más centros en varios distritos puede ser ejecutable solo si se formaliza mediante ajustes de PIA/PIM, convenios y/o programación presupuestal del siguiente ejercicio, no como ejecución inmediata sin pasos previos.","Limitación competencial sobre la prestación integral de salud y dependencia de coordinación con sectores regionales/nacionales; además, el presupuesto del pliego 150101 resulta insuficiente para expansión simultánea de cobertura en varios distritos sin reprogramación o incremento de recursos.","Aprobación de ordenanza metropolitana y ajuste del PIA/PIM del pliego 150101 para priorizar expansión de SISOL y/o suscribir convenios con entidades competentes; alternativamente, incorporar la expansión en el presupuesto del siguiente ejercicio fiscal.",Ley N° 27972 - Ley Orgánica de Municipalidades: https://www.munlima.gob.pe/images/descargas/normas-administrativas/Ley%2027972%20_%20Ley%20Org%C3%A1nica%20de%20Municipalidades.pdf | Ordenanza N° 2537-2023-MML - ROF de la MML: https://busquedas.elperuano.pe/dispositivo/NL/2170330-1 | Pliego 150101 - Municipalidad Metropolitana de Lima: https://apps5.mineco.gob.pe/consulta-amigable | Portal institucional de la Municipalidad Metropolitana de Lima: https://www.munlima.gob.pe
Requiere condiciones previas,salud,Frente de la Esperanza,"Modernizar el actual sistema SISOL, integrando la información al sistema nacional de Salud, ampliando especialidades (Salud mental y tratamiento oncológico), horarios y capacidad de atención.",Modernizar,Sin plazo definido,"La promesa se ubica dentro de la competencia municipal solo en la parte de gestionar atención primaria y promover la calidad de servicios de salud; la Ley 27972 permite a las municipalidades promover la calidad de los servicios de salud, coordinar con MINSA/EsSalud y gestionar atención primaria, pero no habilita por sí sola un sistema municipal especializado para oncológica ni una integración directa al sistema nacional sin coordinación interinstitucional.[1][2] El ROF de la MML aprobado por Ordenanza 2537 y sus modificatorias organiza funciones metropolitanas, pero la ejecución de especialidades clínicas, interoperabilidad con el sistema nacional y ampliación sustantiva de capacidad asistencial exige habilitación operativa, convenios y programación presupuestal. El pliego 150101 de la MML tiene la menor inversión per cápita del país (S/ 7.42), lo que vuelve dependiente la expansión de SISOL de un ajuste de PIA/PIM o de recursos adicionales; además, la Ley de Presupuesto 2026 debe revisar si existe asignación específica para el pliego 150101 o el pliego 465.[3][4]","No existe competencia municipal plena para tratamiento oncológico ni para integración autónoma al sistema nacional de salud; la ampliación de especialidades, horarios y capacidad requiere presupuesto adicional y coordinación técnica con entidades de salud, además de adecuaciones organizacionales y de infraestructura no acreditadas en el marco vigente.","Podría habilitarse mediante ordenanza metropolitana que ajuste la organización de SISOL, convenios de interoperabilidad con el sector salud y una modificación del PIA/PIM o programación en el presupuesto del siguiente ejercicio para financiar la ampliación de servicios.",Ley Orgánica de Municipalidades - Ley 27972: https://www.sat.gob.pe/TransparenciaV3/Portals/0/Docs/NormasOtrasEntidades/Ley_Organica_27972.pdf | Ordenanza N.° 2537 - ROF de la MML: https://busquedas.elperuano.pe/dispositivo/NL/2170330-1 | Municipalidad Metropolitana de Lima - transparencia: https://www.transparencia.gob.pe/enlaces/pte_transparencia_enlaces.aspx?id_entidad=1434&id_tema=5&ver=D | Ley de Presupuesto 2026 - referencia de pliegos MML: https://www.mef.gob.pe/contenidos/presu_publ/capacita/programacion_formulacion_presupuestal2012/Anexos/ley27972.pdf
Requiere condiciones previas,salud,Frentre Popular Agrícola FIA del Perú,Reducir la anemia infantil a menos del 15%.,Reducir,Al 2030,"La promesa se vincula a salud infantil y nutrición, materias que la Ley 27972 sí permite abordar parcialmente a las municipalidades provinciales: el artículo 80 reconoce funciones en saneamiento, salubridad y salud, incluyendo gestionar atención primaria de salud, realizar campañas de medicina preventiva y promover proyectos de evaluación nutricional y apoyo alimentario. Sin embargo, la MML no puede reducir por sí sola la anemia a menos del 15% porque la atención primaria y el control sanitario dependen de coordinación con MINSA/DIRIS y de capacidad operativa y presupuestal específica; además, la MML no reemplaza a la autoridad sanitaria nacional. En el pliego 150101, la MML maneja el presupuesto institucional del gobierno local, pero su margen de inversión es reducido frente a la magnitud del problema; por ello, la meta solo puede sostenerse si se programa y financia dentro del PIA/PIM y se articula con servicios de salud y programas alimentarios ya existentes. No es una competencia exclusiva ni una obligación legal automática, pero sí puede habilitarse mediante instrumentos y presupuesto adicionales.",La MML no tiene competencia directa sobre la prestación sanitaria primaria ni sobre la política nacional de reducción de anemia; requiere coordinación con MINSA/DIRIS y con actores de salud y alimentación. También existe restricción presupuestal en el pliego 150101 para sostener una intervención metropolitana de gran escala sin reprogramación o recursos adicionales.,"Requeriría una ordenanza metropolitana y/o ajustes del PIA/PIM para priorizar programas de nutrición, campañas preventivas y articulación territorial, además de convenios con entidades del sector salud y, de ser necesario, programación en el siguiente ejercicio fiscal.",Ley Orgánica de Municipalidades - Ley N.° 27972: https://www.mef.gob.pe/es/normatividad/por-temas/descentralizacion/6838-ley-n-27972-1/file | Ley Orgánica de Municipalidades - texto concordado: http://www.sat.gob.pe/transparenciav2/Normas/descargar/LEY_27972_v3.pdf | Reporte temático del Congreso sobre anemia: https://www3.congreso.gob.pe/Docs/DGP/DIDP/files/rt_173_anemia-2026.pdf | Municipalidad Metropolitana de Lima - transparencia institucional: https://www.transparencia.gob.pe/enlaces/pte_transparencia_enlaces.aspx?id_entidad=1434&id_tema=5&ver=D
Requiere condiciones previas,salud,Juntos por el Perú,Implementar programas de Salud preventiva territorial apoyada en telemedicina y monitoreo proactivo familiar.,Implementar,2027 - 2030,"La Ley 27972 permite a las municipalidades provinciales promover y organizar campañas de salud preventiva y control de epidemias en coordinación con el MINSA, y también promover la calidad de los servicios de salud y construir, equipar o administrar establecimientos de salud primaria (art. 80.4 y 80.5, según compilaciones oficiales consultadas). Por tanto, el componente de prevención territorial sí encaja en competencias municipales; sin embargo, la telemedicina y el monitoreo proactivo familiar no aparecen como función expresa en la competencia municipal ni en el ROF identificado de la MML, por lo que su implementación requiere habilitación operativa previa. En el pliego 150101 la MML registra una inversión per cápita de S/ 7.42, el menor nivel del país para el proyecto presupuestal 2025, lo que añade una restricción presupuestal relevante para escalar una red territorial con soporte tecnológico. La propia MML ya cuenta con una ordenanza marco para vigilancia, prevención y control de dengue en la provincia de Lima, lo que confirma que puede hacer salud preventiva territorial, pero no que ya exista un programa integral de telemedicina familiar con ese alcance.","No existe competencia municipal expresa para prestar telemedicina como servicio propio a escala metropolitana; además, el monitoreo familiar proactivo exige plataforma tecnológica, protocolos, personal y articulación con establecimientos de salud que no se desprenden del marco vigente ni del presupuesto disponible del pliego 150101.","Se requeriría una ordenanza metropolitana que cree o formalice el programa, además de programación en el PIA/PIM o financiamiento del siguiente ejercicio, y convenios operativos con entidades del sistema de salud para la atención y referencia de casos.",Ley Nº 27972 - Ley Orgánica de Municipalidades: https://www.munlima.gob.pe/images/descargas/normas-administrativas/Ley%2027972%20_%20Ley%20Org%C3%A1nica%20de%20Municipalidades.pdf | Municipalidad Metropolitana de Lima - Ordenanza marco dengue: https://www.normaslegalesonline.pe/clp/contenidos.dll/Legislacion/1/370383/388214/388215/388541/388599 | Municipalidad Metropolitana de Lima - Transparencia / ROF actualizado: https://www.transparencia.gob.pe/enlaces/pte_transparencia_enlaces.aspx?id_entidad=1434&id_tema=5&ver=D
Requiere condiciones previas,salud,PARTIDO_PATRIOTICO_DEL_PERU,"Programas de sensibilización, orientación nutricional y fortalecimiento de hábitos saludables.",Programas,Sin plazo definido,"La MML sí tiene base competencial para campañas de educación sanitaria y prevención: el artículo 80 de la Ley 27972 permite a las municipalidades provinciales realizar campañas locales de medicina preventiva, primeros auxilios, educación sanitaria y profilaxis local, además de gestionar atención primaria en coordinación con otras entidades. Sin embargo, la promesa de “orientación nutricional” y “fortalecimiento de hábitos saludables” solo es ejecutable como programa municipal si se articula dentro de esas funciones y de los servicios/actividades ya presupuestados del pliego 150101; la consulta referida muestra que la MML ha tenido iniciativas como “Viviendo sano” con talleres de nutrición. Al no acreditarse aquí una línea presupuestal vigente específica ni una ordenanza metropolitana que la convierta en programa permanente con metas nuevas, la ejecución queda sujeta a habilitación administrativa y presupuestal.","No existe evidencia en este insumo de una partida vigente específica en el pliego 150101 para escalar el programa como nueva meta municipal; además, la orientación nutricional no es una competencia sanitaria asistencial propia de la MML sino una función limitada de promoción, educación y prevención. Si se pretende hacerlo de forma masiva o permanente, requiere soporte presupuestal y programático que no se desprende automáticamente del marco actual.","Puede habilitarse mediante incorporación en el PIA/PIM del pliego 150101, o por una ordenanza metropolitana que formalice el programa dentro de las funciones del artículo 80 de la Ley 27972, con coordinación interinstitucional para ejecución territorial. Si no existe crédito presupuestario actual, su implementación debe programarse en el siguiente ejercicio fiscal o mediante modificación presupuestaria autorizada.",Ley Orgánica de Municipalidades - Ley N.° 27972: https://www.congreso.gob.pe/Docs/DGP/DIDP/files/descentralizacion/27972.pdf | Gob.pe - Municipalidad de Lima: Viviendo sano: https://www.gob.pe/institucion/munilima/noticias/582478-viviendo-sano-mml-ofrece-talleres-virtuales-sobre-nutricion-y-psicologia-para-toda-la-familia | Gob.pe - Roles de las municipalidades en salud pública: https://www.gob.pe/12293-cuales-son-los-roles-de-las-municipalidades-en-la-salud-publica
Requiere condiciones previas,salud,PARTIDO_POLITICO_PUEBLO_CONSCIENTE,Adaptar la infraestructura de los Hospitales de la Solidaridad (SISOL) y los Clubes Metropolitanos (SERPAR) para que sirvan de manera inmediata como centros autónomos de operaciones de emergencia.,Adaptar,Sin plazo definido,"La propuesta se vincula con funciones municipales en salud y seguridad ciudadana, porque la Ley 27972 permite a las municipalidades provinciales gestionar atención primaria, realizar campañas de primeros auxilios y crear/dirigir sistemas de seguridad ciudadana, además de administrar servicios municipales como parques y recreación[1][2]. Sin embargo, convertir infraestructura de SISOL y SERPAR en centros autónomos de operaciones de emergencia no aparece como una función ya habilitada de forma inmediata en el marco municipal vigente; para operarlo como capacidad permanente exigiría ajustes de organización, presupuesto y probablemente coordinación interinstitucional, no solo una decisión política[2][9]. El pliego 150101 de la MML cuenta con presupuesto limitado frente al alcance de la promesa, por lo que la ejecución inmediata sin modificación de prioridades o financiamiento adicional no queda acreditada con la información disponible[9].","La MML no tiene competencia directa sobre salud asistencial de emergencia ni sobre el sistema nacional de atención de emergencias; además, la adecuación de infraestructura para operación autónoma requiere recursos de inversión y equipamiento que no se desprenden como disponibles de forma inmediata en el pliego 150101.","Podría habilitarse mediante una ordenanza metropolitana que precise la reasignación funcional de locales SISOL/SERPAR, más una modificación del PIA/PIM o programación en el siguiente ejercicio fiscal con fuente de financiamiento identificada y convenios de coordinación con entidades competentes.","Ley N.° 27972, Ley Orgánica de Municipalidades: https://www.mef.gob.pe/contenidos/presu_publ/capacita/programacion_formulacion_presupuestal2012/Anexos/ley27972.pdf | Ordenanza N.° 2537 – ROF de la Municipalidad Metropolitana de Lima: https://busquedas.elperuano.pe/dispositivo/NL/2170330-1 | Consulta Amigable MEF – Pliego 150101 Municipalidad Metropolitana de Lima: https://apps5.mineco.gob.pe/consultaamigable | Portal institucional MML: https://www.munlima.gob.pe | Ley de Presupuesto 2026, Ley N.° 32513: https://www.gob.pe"
Requiere condiciones previas,salud,Partido Aprista Peruano,"Desarrollaremos campañas itinerantes de salud preventiva, despistaje y vacunación en los distritos con mayores brechas",Desarrollaremos,Sin plazo definido,"El compromiso encaja parcialmente en la competencia provincial de salud del artículo 80 de la Ley 27972, que permite a las municipalidades provinciales realizar campañas de medicina preventiva, primeros auxilios, educación sanitaria y profilaxis local. Sin embargo, la vacunación y el despistaje dependen operativamente del sector salud y de la articulación con entidades competentes, por lo que la MML solo podría ejecutarlo mediante coordinación interinstitucional y programación presupuestal específica. La MML sí tiene base orgánica para acciones de promoción y prevención en su ROF aprobado por Ordenanza 2537 y modificatorias, pero su pliego 150101 tiene una inversión per cápita de S/ 7.42, la menor del país, lo que hace necesario prever financiamiento y priorización. No se trata de una obligación legal ya existente ni de algo enteramente fuera de sus manos, pero tampoco puede asumirse como ejecución inmediata sin ajustes de gestión y recursos.","La vacunación no es una competencia exclusiva municipal y requiere coordinación con el sector salud para disponibilidad de biológicos, personal autorizado, cadena de frío y habilitación operativa. El presupuesto del pliego 150101 es limitado para sostener campañas itinerantes de alcance metropolitano sin reasignaciones o nuevas programaciones.","Requiere convenio operativo con el sector salud competente, incorporación en el PIA/PIM del pliego 150101 o financiamiento equivalente, y programación en el siguiente ejercicio si no existe crédito disponible. También puede habilitarse mediante una ordenanza o disposición de gestión que precise metas, cobertura y articulación interinstitucional.",Ley Orgánica de Municipalidades - Ley 27972: https://www.ana.gob.pe/sites/default/files/publication/files/ley_27972_0_0.pdf | ROF de la Municipalidad Metropolitana de Lima - Ordenanza 2537: https://www.transparencia.gob.pe/enlaces/pte_transparencia_enlaces.aspx?id_entidad=1434&id_tema=5&ver=D | Consulta del presupuesto público de la MML - pliego 150101: https://apps5.mineco.gob.pe/
Requiere condiciones previas,salud,Partido Morado,Fomentar la salud mental comunitaria y el soporte digital creando una red de soporte a la que llamaremos NASAM (Núcleos de apoyo en salud mental).,Fomentar,Sin plazo definido,"La MML sí tiene base legal para promover acciones de salud preventiva y campañas vinculadas a salud mental comunitaria, porque el artículo 79 de la Ley 27972 le permite realizar campañas de medicina preventiva, primeros auxilios y educación sanitaria, y también promover programas de prevención y rehabilitación en coordinación con otras entidades. Sin embargo, la “red de soporte” NASAM y su componente digital no aparecen como servicio ya establecido en la estructura ordinaria identificada para la MML, por lo que su implementación requeriría una habilitación institucional y operativa previa dentro del ROF/gestión interna y programación presupuestal. El pliego 150101 de la MML tiene una inversión per cápita de S/ 7.42, el menor del país, por lo que el margen para crear una red nueva sin reprogramación o priorización específica es limitado. La promesa es municipal solo en la parte de promoción y articulación; si pretende atención psicológica directa o soporte clínico, eso excede la competencia propia y exige coordinación con MINSA/DIRIS.","No existe evidencia de una línea operativa vigente denominada NASAM en el marco orgánico o programático básico de la MML; además, el bajo margen de inversión del pliego 150101 dificulta financiar una red nueva sin reasignación. La atención clínica de salud mental no es competencia directa municipal.","Podría habilitarse mediante ordenanza metropolitana o acto de gestión interna que cree/adscriba el servicio, más ajuste del PIA/PIM y convenios con DIRIS/MINSA para la componente clínica y digital, o mediante programación en el siguiente ejercicio fiscal.",Ley Nº 27972 - Ley Orgánica de Municipalidades: https://www.munlima.gob.pe/images/descargas/normas-administrativas/Ley%2027972%20_%20Ley%20Org%C3%A1nica%20de%20Municipalidades.pdf | Ordenanza N° 2537 - ROF de la Municipalidad Metropolitana de Lima: https://busquedas.elperuano.pe/dispositivo/NL/2170330-1 | Municipalidad Metropolitana de Lima - Transparencia / presupuesto: https://www.transparencia.gob.pe/enlaces/pte_transparencia_enlaces.aspx?id_entidad=1434&id_tema=5&ver=D
Requiere condiciones previas,salud,Partido del Buen Gobierno,Plataforma digital de orientación preventiva.,Plataforma,2027 - 2030,"La promesa sí se enmarca parcialmente en competencias municipales porque el artículo 80 de la Ley 27972 permite a las municipalidades provinciales difundir programas de saneamiento ambiental y realizar campañas de medicina preventiva, educación sanitaria y profilaxis local, pero no configura una competencia de atención sanitaria integral. En la MML, el ROF aprobado por Ordenanza 2537 organiza funciones vinculadas a gestión municipal, mientras que la ejecución de una plataforma digital preventiva requeriría asignación operativa específica y articulación con entidades de salud; además, el pliego 150101 de la MML ha sido identificado con una inversión per cápita de S/ 7.42, la menor del país, lo que restringe la viabilidad de una nueva herramienta sin programación presupuestal. Por ello, la propuesta no es de ejecución inmediata sin condiciones previas y encaja mejor como iniciativa sujeta a implementación vía presupuesto, diseño funcional y, de ser necesario, ajuste del PIA/PIM o convenio de interoperabilidad.","No existe una competencia municipal general para orientar preventivamente en salud como servicio sanitario propio; la MML solo tiene funciones de prevención, difusión y coordinación. El obstáculo principal es presupuestal y operativo: una plataforma digital nueva exige desarrollo, mantenimiento, contenidos técnicos y eventual integración con redes de salud, sin que se haya acreditado una asignación específica suficiente en el pliego 150101.","Podría habilitarse mediante programación en el presupuesto institucional del siguiente ejercicio o con un ajuste del PIA/PIM del pliego 150101, acompañado de una disposición interna u ordenanza metropolitana que defina alcance, responsable, interoperabilidad y cobertura. Si la orientación preventiva se articula con salud pública, también requeriría convenios con entidades competentes para el contenido técnico y la derivación.",Ley Nº 27972 - Ley Orgánica de Municipalidades: https://www.munlima.gob.pe/images/descargas/normas-administrativas/Ley%2027972%20_%20Ley%20Org%C3%A1nica%20de%20Municipalidades.pdf | Ordenanza N° 2537 - ROF de la MML: https://busquedas.elperuano.pe/dispositivo/NL/2170330-1 | Portal de transparencia de la MML: https://www.transparencia.gob.pe/enlaces/pte_transparencia_enlaces.aspx?id_entidad=1434&id_tema=5&ver=D
Requiere condiciones previas,salud,Perú Libre,Se empezará una campaña de fiscalización en los establecimientos del SISOL para que los médicos tratantes no induzcan a los pacientes a comprar medicamente de marca además de fiscalizar que todas las farmacias cumplan con a la venta de los medicamentos genéricos para el acceso oportuno a los medicamentos.,Se empezará,Sin plazo definido,"La Municipalidad Metropolitana de Lima sí tiene base legal para fiscalizar establecimientos y servicios vinculados a higiene, seguridad y abastecimiento de medicamentos: el artículo 73 de la Ley 27972 asigna a las municipalidades provinciales la función de controlar normas de higiene y seguridad en establecimientos, y la de supervisar el normal abastecimiento de medicamentos genéricos. Sin embargo, la promesa mezcla fiscalización municipal con la conducta clínica de médicos tratantes en establecimientos SISOL y la vigilancia general de todas las farmacias, lo que exige encuadrarla en el ROF de la MML y en su régimen de fiscalización/sanción vigente; además, el pliego 150101 opera con recursos muy acotados, con inversión per cápita de S/ 7.42 según el contexto presupuestal indicado. Por ello, la medida puede ejecutarse solo como campaña de fiscalización dentro de las funciones municipales ya existentes y no como expansión inmediata de alcance sin soporte operativo y procedimental previo.","Alcance mixto: la inducción médica dentro de SISOL involucra prestación de servicios de salud y protocolos internos que no se agotan en fiscalización municipal ordinaria; además, fiscalizar todas las farmacias de Lima excede la capacidad operativa del pliego 150101 sin priorización territorial ni programación específica. También se requiere compatibilizar la acción con el ROF y con el régimen sancionador municipal aplicable.","Podría habilitarse mediante programación operativa específica en el pliego 150101, priorización en el PIA/PIM de fiscalización y, de ser necesario, una ordenanza o directiva interna que precise alcance, procedimiento, órganos responsables y coordinación con las áreas competentes de la MML para inspección y sanción.",Ley Orgánica de Municipalidades - Ley N.° 27972: https://www.mef.gob.pe/contenidos/presu_publ/capacita/programacion_formulacion_presupuestal2012/Anexos/ley27972.pdf | Ley Orgánica de Municipalidades - Ley N.° 27972 (texto concordado): https://www.jne.gob.pe/oc/2025/Compendio-de-Legislacion-Electoral/14-Ley-Organica-Municipalidades-Ley-N27972.pdf | TuO de la Ley de Licencia de Funcionamiento y fiscalización de actividades económicas: https://spijweb.minjus.gob.pe/wp-content/uploads/2024/03/DS_163-2020-PCM.pdf | Ordenanza N.° 2537-MML - ROF de la Municipalidad Metropolitana de Lima: https://mesadepartes.emmsa.com.pe/public/src/1991160182.pdf | Consulta/Marco presupuestal MML pliego 150101: https://apps5.mineco.gob.pe/
Requiere condiciones previas,salud,Podemos Peru,"Ampliar la cobertura de farmacias SISOL para garantizar el acceso a medicamentos genéricos de calidad a precios sociales, priorizando adultos mayores, personas con discapacidad y familias en situación de vulnerabilidad.",Ampliar,Sin plazo definido,"La Ley 27972 sí permite a las municipalidades provinciales gestionar la atención primaria de la salud y realizar campañas de educación sanitaria, y también les reconoce funciones en saneamiento, salubridad y comercialización de productos, pero la promesa de ampliar farmacias SISOL requiere una decisión organizativa y operativa específica sobre establecimientos municipales de venta de medicamentos, no una obligación legal ya existente. En el marco de la MML, SISOL es un servicio municipal que puede sostener una expansión si existe capacidad presupuestal y habilitación interna; sin embargo, con el pliego 150101 y una inversión per cápita de S/ 7.42, la ampliación no queda automáticamente cubierta por el presupuesto vigente y normalmente exige reprogramación o priorización presupuestal. Además, la Ley de Presupuesto 2026 (Ley 32513) identifica al pliego 150101 y al pliego 465, pero no convierte esta expansión en ejecución inmediata sin soporte en el PIA/PIM ni en la programación institucional.","No es una competencia sanitaria plena de la MML como gobierno local para sustituir al MINSA/DIRIS; la ampliación de cobertura de farmacias SISOL depende de disponibilidad presupuestal del pliego 150101, de capacidad operativa de SISOL y de la habilitación interna de locales, personal y abastecimiento. El principal límite es que la promesa implica expandir un servicio municipal existente, no solo promoverlo.","Requiere ajuste del PIA/PIM o reprogramación presupuestal del pliego 150101 para financiar apertura, abastecimiento y operación de nuevas sedes; si se pretende ampliar a más locales o modalidades, también requiere instrumento interno/ordenanza metropolitana o modificación de la organización de SISOL, y eventualmente programación en el siguiente ejercicio fiscal.",Ley Orgánica de Municipalidades - Ley N.° 27972: https://www.congreso.gob.pe/Docs/DGP/DIDP/files/descentralizacion/27972.pdf | Ley N.° 32513 - Ley de Presupuesto del Sector Público para el Año Fiscal 2026: https://www.gob.pe/institucion/mef/normas-legales/7475743-32513 | Concesión/convocatoria SISOL MML: https://transparencia.sisol.gob.pe/assets/uploads/convocatoria/asociacion/tdr/2022/BASE_CONVOCATORIA_N_TR2_5_2022_0224112102.pdf
Requiere condiciones previas,salud,Progresemos,Brindar certificación técnica municipal gratuita en sanidad y manipulación de alimentos a las madres conductoras de los programas alimentarios.,Brindar,Sin plazo definido,"La MML sí tiene base legal para intervenir en inocuidad y control sanitario de alimentos en el ámbito municipal: el artículo 79 de la Ley 27972 le asigna funciones sobre el acopio, distribución, almacenamiento y comercialización de alimentos y bebidas, y el marco metropolitano de salubridad incorpora vigilancia y certificación sanitaria de buenas prácticas. Sin embargo, la promesa específica de ""certificación técnica municipal gratuita"" no aparece como un servicio ya vigente y gratuito en la evidencia revisada, y además la normativa citada por INDECOPI advierte que no puede exigirse un carné sanitario como condición general para trabajar, por lo que el diseño debe ajustarse al TUPA y a la ordenanza aplicable. En el pliego 150101, la MML opera con el presupuesto local más bajo del país, con inversión per cápita de S/ 7.42, por lo que la gratuidad generalizada requiere habilitación presupuestal y probablemente adecuación del TUPA/PIA-PIM.","No hay evidencia de que la MML ya tenga vigente un trámite gratuito exactamente con esa denominación para madres conductoras de programas alimentarios; la certificación sanitaria exige sustento normativo y tarifario en TUPA. El obstáculo principal es presupuestal y procedimental: financiar gratuidad en el pliego 150101 sin modificar tasas, TUPA o programación anual.","Puede habilitarse mediante ordenanza metropolitana que cree o adapte el procedimiento en el TUPA, establezca alcance, requisitos y exoneración de pago para el grupo objetivo, y luego ajuste el PIA/PIM o programe recursos en el siguiente ejercicio fiscal del pliego 150101; también podría articularse con la gerencia competente bajo el ROF vigente y las ordenanzas metropolitanas de salubridad e inocuidad.",Ley Orgánica de Municipalidades - Ley N.° 27972: https://www.congreso.gob.pe/Docs/files/leyes/ley27972.pdf | Ley N.° 27972 (texto concordado): https://www.mef.gob.pe/contenidos/presu_publ/capacita/programacion_formulacion_presupuestal2012/Anexos/ley27972.pdf | Ordenanza N.° 550 - Sistema Metropolitano de Supervisión y Control de Alimentos y Bebidas de Consumo Humano: https://www.mef.gob.pe/contenidos/presu_publ/migl/municipalidades_pmm_pi/guia_cumplimiento_meta19_2017.pdf | Consulta de ejecución y presupuesto municipal - Pliego 150101: https://apps5.mineco.gob.pe/transparencia/Navegador/default.aspx | TUPA / trámites de la MML: https://www.gob.pe/institucion/munlima/tramites
Requiere condiciones previas,salud,Renovación Popular,"Implementaré centros integrales: de imágenes; exámenes auxiliares; medicina física y rehabilitación, medicina complementaria y otros. Estratégicamente ubicados en diferentes puntos de la ciudad.",Implementaré,Sin plazo definido,"La Ley 27972, artículo 80, atribuye a las municipalidades provinciales la gestión de la atención primaria de la salud y la construcción/equipamiento de postas, botiquines y puestos de salud, además de la promoción de calidad de servicios de salud públicos; por tanto, Lima Metropolitana sí tiene un marco de competencia sanitaria, pero no para crear por sí sola una red asistencial especializada amplia sin coordinación y habilitación administrativa previa. La promesa de “centros integrales” de imágenes, exámenes auxiliares, medicina física y rehabilitación y medicina complementaria excede el contenido típico de atención primaria y requiere definir servicios, infraestructura, habilitación sanitaria, personal y sostenibilidad presupuestal; además, el ROF de la MML fue aprobado por Ordenanza 2537 y modificado posteriormente, lo que muestra que cualquier nueva línea orgánica/funcional debe alinearse con su estructura vigente. El presupuesto de la MML en el pliego 150101 es reducido para este tipo de inversión —la referencia dada es una inversión per cápita de S/ 7.42—, por lo que la ejecución depende de programación presupuestal, priorización del PIM y, en su caso, convenios o transferencias para infraestructura y operación.","Limitación de competencia material para servicios de salud especializados de mayor complejidad; necesidad de habilitación sanitaria, definición de órganos responsables en el ROF y asignación presupuestal suficiente en el pliego 150101 para infraestructura, equipamiento y operación continua.","Podría habilitarse mediante ordenanza metropolitana que precise funciones y cartera de servicios, más ajuste del PIA/PIM del pliego 150101 y, si corresponde, programación en el siguiente ejercicio fiscal o suscripción de convenios interinstitucionales para ejecución y sostenibilidad.",Ley N.° 27972 - Ley Orgánica de Municipalidades: https://www.munlima.gob.pe/images/descargas/normas-administrativas/Ley%2027972%20_%20Ley%20Org%C3%A1nica%20de%20Municipalidades.pdf | Ordenanza N.° 2537 - ROF de la Municipalidad Metropolitana de Lima: https://busquedas.elperuano.pe/dispositivo/NL/2170330-1 | Consulta Amigable MEF - Pliego 150101 Municipalidad Metropolitana de Lima: https://apps5.mineco.gob.pe/transparencia/Navegador/default.aspx
Requiere condiciones previas,salud,Somos Perú,"En los primeros 100 días se elaborará el padrón de aliados veterinarios, se definirá el protocolo de adhesión a la red de clínicas veterinarias sociales y se precisará el esquema de implementación entre la Gerencia de Desarrollo Humano/Subgerencia de Salud Pública, SERPAR - Lima y EMILIMA para sedes o espacios municipales, priorizando campañas de vacunación, desparasitación, esterilización responsable y atención preventiva accesible.",elaborará,primeros 100 días,"La MML sí tiene competencia normativa y de gestión para sanidad animal y tenencia responsable: el artículo 80 de la Ley 27972 le atribuye a las municipalidades provinciales controlar la sanidad animal, controlar epidemias que afecten a la fauna metropolitana y organizar/controlar la sanidad animal y la tenencia de animales domésticos. El compromiso también puede articularse con su ROF vigente y con funciones de promoción y coordinación interna entre Gerencia de Desarrollo Humano, Subgerencia de Salud Pública, SERPAR y EMILIMA; sin embargo, la creación de una red de clínicas veterinarias sociales con sedes/espacios municipales exige habilitación operativa, definición de protocolo, disponibilidad de locales y, si implica nuevos servicios o gastos no previstos, ajuste presupuestal o programación en el PIA/PIM. El presupuesto de la MML es limitado y el pliego 150101 arrastra la menor inversión per cápita del país, por lo que la promesa no es autosuficiente con la estructura existente si no se precisa financiamiento y soporte normativo interno.","Falta precisar fuente de financiamiento para campañas sostenidas, uso de espacios municipales y eventual prestación veterinaria; si se abren servicios nuevos, puede requerir adecuación presupuestaria y operativa. La promesa no distingue entre coordinación interna y ejecución material del servicio, ni acredita que existan hoy convenios, protocolos o partidas para una red de clínicas sociales.","Puede habilitarse mediante acto interno/ordenanza metropolitana que apruebe el esquema operativo, más la incorporación o reprogramación presupuestal en el PIA/PIM del pliego 150101; si se pretende expansión de servicios para el siguiente ejercicio, debe programarse en el presupuesto anual correspondiente y formalizarse con convenios de gestión y uso de espacios con SERPAR y EMILIMA.",Ley Nº 27972 - Ley Orgánica de Municipalidades: https://www.munlima.gob.pe/images/descargas/normas-administrativas/Ley%2027972%20_%20Ley%20Org%C3%A1nica%20de%20Municipalidades.pdf | Ordenanza N.° 2537 - ROF de la MML: https://busquedas.elperuano.pe/dispositivo/NL/2170330-1 | Transparencia MML - ROF vigente: https://www.transparencia.gob.pe/enlaces/pte_transparencia_enlaces.aspx?id_entidad=1434&id_tema=5&ver=D
Requiere condiciones previas,salud,Visión Perú,"La psicología comunitaria será incorporada mediante escuelas para padres, orientación emocional, prevención del bullying, prevención del consumo de drogas, fortalecimiento de habilidades socioemocionales y atención preventiva en casos de violencia familiar o escolar.",será incorporada,Sin plazo definido,"La promesa encaja parcialmente en competencias municipales porque la Ley 27972 permite a las municipalidades promover el desarrollo integral de la niñez y juventud y acciones de prevención social en el ámbito local, pero no les atribuye la provisión de salud mental ni educación básica como servicio propio; además, la MML debe sujetarse a sus funciones del ROF aprobado por Ordenanza 2537 y sus modificatorias. Por ello, actividades como escuelas para padres, orientación emocional, prevención del bullying y del consumo de drogas pueden articularse como programas preventivo-promocionales municipales o vía convenios, pero la atención preventiva de violencia familiar o escolar requiere coordinación externa con MINSA/DIRIS, MINEDU/DRE y MIMP/PNP, que no forman parte de la competencia directa metropolitana. El pliego 150101 de la MML opera con el menor nivel de inversión per cápita del país (S/ 7.42, según el contexto proporcionado), por lo que la ejecución depende de disponibilidad presupuestal y programación en PIA/PIM o en el siguiente ejercicio; no hay base suficiente para tratarla como una acción ya existente ni como una obligación legal específica.","No tiene competencia directa para brindar salud primaria, salud mental ni educación básica; la implementación integral exige coordinación intersectorial y puede quedar limitada por el reducido margen presupuestal del pliego 150101.","Puede habilitarse mediante una ordenanza metropolitana o una adecuación del ROF para asignar la función a la unidad competente, junto con ajuste del PIA/PIM o programación presupuestal del siguiente ejercicio y convenios con entidades sectoriales.",Ley Orgánica de Municipalidades - Ley N.° 27972: https://leyes.congreso.gob.pe/DetLeyNume_1p.aspx?xNorma=6&xNumero=27972&xTipoNorma=0 | Ordenanza N.° 2537 - ROF de la Municipalidad Metropolitana de Lima: https://busquedas.elperuano.pe/dispositivo/NL/2170330-1 | Consulta Amigable del MEF - Seguimiento de la Ejecución Presupuestal: https://www.mef.gob.pe/es/?option=com_content&language=es-ES&Itemid=100944&lang=es-
Requiere condiciones previas,educacion,Acción Popular,"Implementaremos las siguientes acciones: Escuelas Metropolitanas de Empleabilidad para mujeres y jóvenes, Formación en habilidades digitales y competencias para la economía del futuro, Programa formativo para empleos verdes, economía del cuidado y sectores con potencial de crecimiento, Orientación vocacional y fortalecimiento de habilidades para la inserción laboral.",Implementaremos,Sin plazo definido,"La Ley 27972 sí permite a las municipalidades actuar en educación mediante funciones compartidas: promover comunidades educadoras, diseñar/ejecutar/evaluar el proyecto educativo local, apoyar tecnologías y organizar el COPALE, pero no les atribuye la gestión directa de empleabilidad como política laboral nacional. El ROF de la MML aprobado por Ordenanza 2537 y sus modificatorias organiza funciones metropolitanas, pero la ejecución de “escuelas metropolitanas” y programas formativos requiere encuadre operativo, presupuesto y probablemente articulación interinstitucional; además, el pliego 150101 de la MML tiene la menor inversión per cápita reportada (S/ 7.42), lo que limita expansión sin reprogramación. Por ello, la promesa puede encajar solo como oferta municipal complementaria de formación/orientación, no como solución integral de empleo, y para ejecutarse hoy requiere habilitación presupuestal y/o programación específica en el PIA/PIM.","No existe competencia municipal exclusiva sobre empleabilidad ni sobre inserción laboral como política pública general; la oferta depende de recursos del pliego 150101 y de la capacidad operativa instalada de la MML. Sin ajuste presupuestal o sin convenios con entidades educativas y laborales, la escala del programa queda restringida.","Puede habilitarse mediante reprogramación del PIA/PIM del pliego 150101, priorización de actividades de capacitación en el marco del artículo 82 de la Ley 27972, y convenios específicos con entidades públicas o privadas; si se desea ampliar cobertura, tendría que incorporarse en el presupuesto del siguiente ejercicio o mediante una ordenanza/ajuste de instrumentos de gestión que precise la intervención.",Ley Orgánica de Municipalidades - Ley N° 27972: https://www.congreso.gob.pe/Docs/DGP/DIDP/files/descentralizacion/27972.pdf | Ley N° 27972 (texto consolidado en MML): https://www.munlima.gob.pe/images/descargas/normas-administrativas/Ley%2027972%20_%20Ley%20Org%C3%A1nica%20de%20Municipalidades.pdf | Ordenanza N° 2537 - ROF de la MML: https://busquedas.elperuano.pe/dispositivo/NL/2170330-1 | Transparencia MML - ROF y documentos institucionales: https://www.transparencia.gob.pe/enlaces/pte_transparencia_enlaces.aspx?id_entidad=1434&id_tema=5&ver=D
Requiere condiciones previas,educacion,Ahora Nación,Incorporar programas educativos en escuelas y universidades sobre la importancia del patrimonio histórico.,Incorporar,Sin plazo definido,"La promesa sí se vincula con competencias municipales porque el artículo 82 de la Ley 27972 asigna a las municipalidades la promoción de la educación, la cultura y la difusión del patrimonio cultural en su jurisdicción, y el artículo 73 les permite actuar en materia de educación, cultura y conservación del patrimonio. En la MML, el ROF vigente ubica la función cultural en la Gerencia de Cultura y su unidad de patrimonio cultural, museos y bibliotecas, lo que permite impulsar actividades educativas sobre patrimonio; además, el pliego 150101 muestra que la MML opera con una inversión per cápita de S/ 7.42, el menor del país, por lo que la implementación real depende de programación presupuestal y coordinación interinstitucional. No obstante, incorporar programas educativos en escuelas y universidades exige convenios con MINEDU, DRE y universidades, o una programación específica en el PIA/PIM, porque la MML no administra directamente el sistema educativo básico ni universitario.","Limitación de competencia directa sobre escuelas y universidades; necesidad de convenios y de asignación presupuestal en el pliego 150101 para sostener materiales, personal y ejecución territorial.","Puede habilitarse mediante una ordenanza o acuerdo metropolitano que apruebe la estrategia, más convenios con MINEDU/DRE y universidades, y la inclusión de metas y recursos en el PIA/PIM del pliego 150101 del siguiente ejercicio o mediante modificación presupuestal si existiera saldo disponible.",Ley Orgánica de Municipalidades - Ley 27972: https://www.mef.gob.pe/contenidos/presu_publ/capacita/programacion_formulacion_presupuestal2012/Anexos/ley27972.pdf | Ordenanza N.° 2537 - ROF de la MML: https://busquedas.elperuano.pe/dispositivo/NL/2170330-1 | Transparencia MML - TUO del ROF actualizado: https://www.transparencia.gob.pe/enlaces/pte_transparencia_enlaces.aspx?id_entidad=1434&id_tema=5&ver=D | Consulta Amigable MEF - Pliego 150101: https://apps5.mineco.gob.pe/transparencia/Navegador/default.aspx?y=2026&ap=ActProy
Requiere condiciones previas,educacion,Alianza Electoral Venceremos,"Lima IA Niñez: talleres de pensamiento computacional e inteligencia artificial para niños y adolescentes en escuelas municipales, bibliotecas y clubes zonales de Lima Norte, Sur y Este.",talleres,Sin plazo definido,"El art. 82 de la Ley 27972 permite a las municipalidades provinciales actuar en educación de forma compartida: promover comunidades educadoras, diseñar/ejecutar/evaluar el proyecto educativo local y apoyar infraestructura educativa, pero no sustituye la competencia del MINEDU/DRE sobre el servicio educativo básico. En la MML, el ROF aprobado por Ordenanza 2537 sí contiene una Gerencia de Desarrollo Humano que gestiona actividades en materia de educación, y la propia estructura incluye bibliotecas y espacios culturales, por lo que talleres de pensamiento computacional e IA podrían encajar como actividad municipal complementaria; sin embargo, para ejecutarlos como programa sostenido en escuelas municipales, bibliotecas y clubes zonales se requiere programación operativa y cobertura presupuestal específica en el pliego 150101. El obstáculo no es la materia en sí, sino la necesidad de habilitarla con el PIA/PIM o convenios operativos con la red educativa; además, la MML tiene una restricción fiscal relevante: el pliego 150101 es el de menor inversión per cápita del país (S/ 7.42, según el contexto dado).","No puede imponerse sobre la gestión curricular de escuelas públicas ni operar en instituciones educativas sin coordinación con la DRE/MINEDU; además, requiere presupuesto y programación operativa específica dentro del pliego 150101, que tiene capacidad de inversión muy limitada.","Puede habilitarse mediante programación en el PIA/PIM del pliego 150101, convenios de cooperación con DRE/MINEDU para el uso de escuelas, y ejecución por gerencias/espacios ya existentes de la MML (bibliotecas, clubes zonales y programas de desarrollo humano).",Ley Orgánica de Municipalidades - Ley 27972: https://www.munlima.gob.pe/images/descargas/normas-administrativas/Ley%2027972%20_%20Ley%20Org%C3%A1nica%20de%20Municipalidades.pdf | Ordenanza N° 2537 - ROF de la MML: https://busquedas.elperuano.pe/dispositivo/NL/2170330-1 | Ordenanza N° 2625 y reglamento citado en el El Peruano: https://busquedas.elperuano.pe/dispositivo/NL/2469989-1 | Consulta Amigable MEF - Pliego 150101: https://apps5.mineco.gob.pe/
Requiere condiciones previas,educacion,Alianza para el Progreso,Crear un circuito cultural metropolitano que lleve la oferta artística al 35% de participación de la población al 2030.,Crear,2030,"La promesa se ubica dentro de competencias municipales compartidas: el artículo 82 de la Ley 27972 permite a las municipalidades promover actividades artísticas y culturales, promover actividades culturales diversas y organizar/sostener centros culturales, bibliotecas, teatros y talleres de arte; por tanto, la MML sí puede impulsar un circuito cultural metropolitano. Sin embargo, la meta de llevar la oferta artística al 35% de participación al 2030 exige programación, cobertura, indicadores y financiamiento plurianual que no se ejecutan de inmediato sin formalización operativa y presupuestal; además, la MML opera con el pliego 150101 y registra inversión per cápita de S/ 7.42, la menor del país, lo que limita expansión de oferta si no se reasignan recursos o se aprueba un nuevo PIA/PIM. El ROF metropolitano actualizado reconoce unidades vinculadas a cultura y gestión de espacios metropolitanos, pero la implementación concreta de un circuito con meta cuantificable requiere actos de programación y asignación presupuestaria adicional.","Limitación presupuestal del pliego 150101 para ampliar cobertura cultural a escala metropolitana; necesidad de definir red de espacios, programación, indicadores y costos operativos; la meta 35% al 2030 no se materializa solo con la competencia general de promover cultura.","Puede habilitarse mediante ordenanza metropolitana que apruebe el circuito cultural, su plan operativo e indicadores, más ajuste del PIA/PIM del pliego 150101 o programación en el siguiente ejercicio fiscal con financiamiento plurianual y convenios con entidades culturales.",Ley Orgánica de Municipalidades - Ley N.° 27972: https://www.sat.gob.pe/TransparenciaV3/Portals/0/Docs/NormasOtrasEntidades/Ley_Organica_27972_v6.pdf | Ley Orgánica de Municipalidades - Ley N.° 27972 (concordancias): https://www.mef.gob.pe/contenidos/presu_publ/capacita/programacion_formulacion_presupuestal2012/Anexos/ley27972.pdf | Municipalidad Metropolitana de Lima - Transparencia / ROF actualizado: https://www.transparencia.gob.pe/enlaces/pte_transparencia_enlaces.aspx?id_entidad=1434&id_tema=5&ver=D | Ordenanza N.° 2537 de la MML: https://busquedas.elperuano.pe/dispositivo/NL/2170330-1 | MML / Presupuesto público: https://apps5.mineco.gob.pe/
Requiere condiciones previas,educacion,Avanza País,"La gestión metropolitana desarrollará una red de talleres y programas socioeducativos en coordinación con instituciones educativas, municipalidades distritales, Ministerio de Educación, Dirección Regional de Educación de Lima Metropolitana, universidades, sector privado y organizaciones sociales.",desarrollará,Sin plazo definido,"La promesa sí encaja en competencias municipales compartidas: el artículo 82 de la Ley 27972 permite a las municipalidades promover comunidades educadoras, diseñar y evaluar el proyecto educativo local, apoyar redes educativas y articular alianzas con instituciones especializadas. Sin embargo, el enunciado plantea una red de talleres y programas socioeducativos que requiere formalización operativa y coordinación interinstitucional sostenida con Minedu/DRELM y actores externos, por lo que no puede tratarse como ejecución inmediata solo con la voluntad política. En la MML, el ROF aprobado por Ordenanza 2537 y modificatorias organiza funciones, pero la creación o ampliación de una red de este tipo normalmente exige programación presupuestal, definición de unidades responsables y, de ser el caso, actos de implementación adicionales; además, el pliego 150101 tiene una inversión per cápita de S/ 7.42, la más baja del país, lo que limita capacidad de expansión sin priorización presupuestaria.","No es una competencia exclusiva de la MML y requiere coordinación externa con instituciones educativas, DRELM y universidades; además, la baja holgura del pliego 150101 obliga a reasignación o programación presupuestal para sostener talleres y programas continuos.","Puede habilitarse mediante programación presupuestal en el PIA/PIM del siguiente ejercicio o mediante reasignación interna y convenios específicos ya formalizados; si se pretende una red metropolitana con cobertura y metas nuevas, requiere acto de implementación y respaldo presupuestal adicional.",Ley Orgánica de Municipalidades - Ley N.° 27972: https://www.mef.gob.pe/es/normatividad/por-tema/ley-organica-de-municipalidades-ley-n-27972 | Ley Orgánica de Municipalidades - texto consolidado: https://www.mef.gob.pe/contenidos/presu_publ/capacita/programacion_formulacion_presupuestal2012/Anexos/ley27972.pdf | Ordenanza N.° 2537 - ROF de la Municipalidad Metropolitana de Lima: https://www.transparencia.gob.pe/enlaces/pte_transparencia_enlaces.aspx?id_entidad=1434&id_tema=5&ver=D | Pliego 150101 - Municipalidad Metropolitana de Lima: https://apps5.mineco.gob.pe/ | Portal institucional de la MML: https://www.gob.pe/institucion/munlima
Requiere condiciones previas,educacion,Batalla Perú,"Fortalecer oportunidades de desarrollo humano mediante centros comunitarios, bibliotecas, deporte barrial, cultura viva, orientación juvenil y prevención de riesgos sociales.",Fortalecer,2030,"La promesa encaja en funciones municipales de promoción de educación, cultura, deportes, recreación y seguridad ciudadana, porque el artículo 82 de la Ley 27972 permite promover el desarrollo humano local, cultura, deportes y recreación, y el artículo 85 faculta a la provincia a establecer y normar serenazgo y seguridad ciudadana. Sin embargo, la MML no tiene competencia directa sobre educación básica ni prevención social especializada fuera de su ámbito municipal, por lo que los componentes de orientación juvenil y prevención de riesgos sociales requieren articularse con entidades sectoriales y, para su despliegue operativo, con programación presupuestal en el pliego 150101. La ordenanza del ROF de la MML existe y habilita la estructura institucional, pero la implementación de centros comunitarios, bibliotecas y deporte barrial depende de que esas actividades estén previstas y financiadas en el PIA/PIM del ejercicio correspondiente; el texto también debe diferenciar si se trata de servicios ya existentes o de expansión de cobertura.","No hay competencia directa de la MML sobre educación básica, salud o intervención social especializada; además, la expansión de bibliotecas, centros comunitarios y programas de orientación juvenil exige cobertura presupuestal del pliego 150101, que no se acredita con la información disponible en esta consulta.","Puede ejecutarse solo si se incorpora o reprograma en el PIA/PIM del pliego 150101 mediante ajuste presupuestal o en el siguiente ejercicio fiscal, y si se formaliza con la estructura funcional prevista en el ROF/ordenanza metropolitana; para la parte de orientación juvenil y prevención de riesgos sociales se requieren convenios o articulación interinstitucional con sectores competentes.",Ley Orgánica de Municipalidades - Ley N.° 27972: https://www.sat.gob.pe/TransparenciaV3/Portals/0/Docs/NormasOtrasEntidades/Ley_Organica_27972.pdf | Ordenanza N.° 2537 - ROF de la MML: https://busquedas.elperuano.pe/dispositivo/NL/2170330-1 | Consulta Amigable del MEF: https://apps5.mineco.gob.pe/transparencia/Navegador/default.aspx | Portal de Transparencia de la Municipalidad Metropolitana de Lima: https://www.transparencia.gob.pe/enlaces/pte_transparencia_enlaces.aspx?id_entidad=1434&id_tema=5&ver=D
Requiere condiciones previas,educacion,COALICION_TRANSFORMADORA_TIERRA_VERDE.pdf,"Creación de las 'Escuelas Productivas Humanistas' en convenio con institutos tecnológicos públicos, brindando certificación técnica rápida en oficios digitales, gestión de microempresas y manufactura para madres de familia de las ollas comunes y jóvenes desempleados.",Creación,Sin plazo definido,"La propuesta sí se vincula con el artículo 82 de la Ley 27972, que permite a las municipalidades promover el desarrollo humano, diseñar y evaluar el proyecto educativo local y celebrar alianzas estratégicas con instituciones especializadas; además, el ROF de la MML asigna a la Gerencia de Desarrollo Humano funciones en educación. Sin embargo, la MML no puede crear por sí sola una oferta técnica certificante en sustitución del sistema educativo nacional, y la ejecución concreta depende de convenios interinstitucionales con institutos públicos, además de la programación presupuestal del pliego 150101. El contexto presupuestal también restringe el alcance: el pliego 150101 es el de menor inversión per cápita del país, con S/ 7.42 según el proyecto de presupuesto 2025, por lo que la implementación requiere priorización y financiamiento específico.",No existe una competencia municipal exclusiva para otorgar certificación técnica rápida; la certificación y la articulación con institutos tecnológicos públicos dependen de entidades del sistema educativo y de convenios que no están automáticos. El alcance además está limitado por la baja capacidad de inversión del pliego 150101.,"Puede habilitarse mediante convenio interinstitucional aprobado por el Concejo Municipal conforme al artículo 9.26 de la Ley 27972, más una asignación o reprogramación dentro del PIA/PIM del pliego 150101; si no existe crédito presupuestal en el ejercicio actual, tendría que programarse para el siguiente ejercicio fiscal.",Ley N° 27972 - Ley Orgánica de Municipalidades: https://www.congreso.gob.pe/Docs/DGP/DIDP/files/descentralizacion/27972.pdf | ROF de la Municipalidad Metropolitana de Lima - Ordenanza N° 2537: https://www.transparencia.gob.pe/enlaces/pte_transparencia_enlaces.aspx?id_entidad=1434&id_tema=5&ver=D | Ley Orgánica de Municipalidades: https://www.congreso.gob.pe/Docs/DGP/DIDP/files/descentralizacion/27972.pdf | Consulta de presupuesto MML - pliego 150101: https://apps5.mineco.gob.pe
Requiere condiciones previas,educacion,Demócrata Verde,Implementación de programas de prevención de actividades de riesgo en las escuelas públicas y privadas y en la comunidad en forma presencial y digital brindándoles al mismo tiempo herramientas que les permitan tener más y mejores oportunidades.,Implementación,Sin plazo definido,"La promesa sí se ubica parcialmente en competencias municipales: el artículo 82 de la Ley 27972 permite a las municipalidades promover comunidades educadoras y diseñar, ejecutar y evaluar acciones educativas en coordinación con la DRE/UGEL, y el artículo 85 faculta a la MML a crear y desarrollar el Sistema Metropolitano de Seguridad Ciudadana y acciones de prevención. Sin embargo, la frase ""programas de prevención de actividades de riesgo"" en escuelas públicas y privadas y en la comunidad exige articulación interinstitucional con el sector educación y, para su despliegue operativo, una programación específica en el pliego 150101; la MML sigue siendo un gobierno local con presupuesto limitado, sin competencia directa sobre la gestión escolar ni sobre la educación básica. En el ROF de la MML, la Gerencia de Desarrollo Humano tiene funciones en educación y deporte, pero la implementación concreta requiere ajustar metas y recursos del PIA/PIM o aprobar una intervención específica mediante ordenanza/metas presupuestales.","No hay competencia directa sobre la gestión de escuelas públicas y privadas; la ejecución plena depende de coordinación con DRE/UGEL y del financiamiento del pliego 150101, que es restringido. La promesa también mezcla prevención escolar, comunitaria, presencial y digital, lo que exige componentes operativos y presupuestales no identificados en el compromiso.","Puede habilitarse mediante una ordenanza metropolitana que apruebe el programa, convenios con DRE/UGEL y entidades competentes, y la incorporación de metas y recursos en el PIA/PIM del pliego 150101; si no se aprueba en el ejercicio vigente, tendría que programarse para el siguiente año presupuestal.",Ley Orgánica de Municipalidades - Ley 27972: https://www.munlima.gob.pe/images/descargas/normas-administrativas/Ley%2027972%20_%20Ley%20Org%C3%A1nica%20de%20Municipalidades.pdf | Ordenanza N° 2537 - ROF de la MML: https://busquedas.elperuano.pe/dispositivo/NL/2170330-1 | MEF - Presupuesto aprobado 2026: https://www.mef.gob.pe/es/presupuesto-del-sector-publico/aprobacion-presupuestal/nacional-regional-y-local | Transparencia MML: https://www.transparencia.gob.pe/enlaces/pte_transparencia_enlaces.aspx?id_entidad=1434&id_tema=5&ver=D
Requiere condiciones previas,educacion,Frentre Popular Agrícola FIA del Perú,"Eliminación del analfabetismo fortaleciendo la alfabetización intercultural, garantizando educación en lenguas originarias.",Eliminación,Sin plazo definido,"La MML sí tiene competencia compartida en educación: el artículo 82 de la Ley 27972 le permite promover, coordinar, ejecutar y evaluar programas de alfabetización con los gobiernos regionales, en un marco de políticas nacionales, y además impulsar acciones con enfoque sociocultural y lingüístico. Sin embargo, la promesa de “garantizar educación en lenguas originarias” excede la ejecución inmediata de la alcaldía si no se articula con la DRE/MINEDU y con instrumentos específicos de gestión y presupuesto; la competencia municipal existe para alfabetización y diversificación curricular, no para sustituir el sistema educativo nacional. La viabilidad queda atada a que el pliego 150101 asigne recursos y a que la MML formalice el programa mediante sus instrumentos de gestión; por tanto no es una acción automática ni plenamente ejecutable hoy como compromiso autónomo de campaña.","No hay competencia exclusiva de la MML para garantizar educación básica en lenguas originarias; requiere coordinación con DRE/MINEDU y disponibilidad presupuestal del pliego 150101. Si no existe programa, meta y partida en el PIA/PIM, la promesa no puede ejecutarse de inmediato.","Habilitación mediante ordenanza/metas y programación presupuestal en el PIA/PIM del pliego 150101, con convenio operativo con la DRE/MINEDU para alfabetización intercultural y atención en lenguas originarias; de requerirse, programación para el siguiente ejercicio fiscal.",Ley Orgánica de Municipalidades - Ley N.° 27972: https://www.mef.gob.pe/es/normatividad/por-temas/descentralizacion/6838-ley-n-27972-1/file | Ley Orgánica de Municipalidades - versión concordada: https://doc.contraloria.gob.pe/operativos/operativo_eduqa2016/documentos/10.1.c%20Ley%20Org%C3%A1nica%20de%20Municipalidades%20Ley%20n.%C2%BA%2027972.pdf | Información presupuestal MML / pliego 150101: https://gestion.pe/peru/mml-afirma-que-esta-en-una-situacion-dura-y-critica-y-pide-mas-presupuesto-noticia/
Requiere condiciones previas,educacion,Juntos por el Perú,"Se desarrollará un programa intensivo de capacitación interna, se mantendrán canales presenciales en paralelo durante la transición y se implementarán las Escuelas Municipales de Habilidades Digitales para vecinos y vecinas.",desarrollará,Sin plazo definido,"La MML sí tiene competencia parcial en educación y tecnología: el artículo 82 de la Ley 27972 le permite promover comunidades educadoras, diseñar/ejecutar acciones educativas coordinadas y apoyar la incorporación de nuevas tecnologías para mejorar el sistema educativo. Sin embargo, la promesa mezcla dos componentes distintos: la capacitación interna y la continuidad de canales presenciales son medidas de gestión institucional que pueden encuadrarse en la organización municipal, mientras que las ""Escuelas Municipales de Habilidades Digitales"" para vecinos requieren creación o ampliación programática y asignación presupuestal específica dentro del pliego 150101, cuya inversión per cápita es S/ 7.42, la menor del país según el contexto proporcionado. En consecuencia, el compromiso no es de ejecución inmediata automática: puede realizarse dentro de competencias municipales, pero condicionado a programación presupuestal/PIA-PIM y, de ser el caso, a soporte normativo interno u ordenanza metropolitana para institucionalizar el programa.","No existe, con lo aportado, evidencia de una línea presupuestal vigente y suficiente en el pliego 150101 para abrir y sostener Escuelas Municipales de Habilidades Digitales a escala metropolitana; además, el componente hacia vecinos exige capacidad operativa y coordinación intergerencial que no se desprende de una competencia exclusiva ya existente.","Programar el componente en el PIA/PIM del pliego 150101 o en el siguiente ejercicio fiscal; de ser necesario, aprobar una ordenanza metropolitana o acto de gestión que cree/ordene el programa y habilite su financiamiento y ejecución.","Ley N.° 27972, Ley Orgánica de Municipalidades, artículo 82: https://www.muniate.gob.pe/wp-content/uploads/2026/04/LEY-N%C2%B0-27972.pdf | ROF de la Municipalidad Metropolitana de Lima, Ordenanza N.° 2537 y modificatorias: https://www.transparencia.gob.pe/enlaces/pte_transparencia_enlaces.aspx?id_entidad=1434&id_tema=5&ver=D | Consulta Amigable del MEF, pliego 150101: https://apps5.mineco.gob.pe/transparencia/Navegador/default.aspx | Portal institucional de la Municipalidad Metropolitana de Lima: https://www.munlima.gob.pe"
Requiere condiciones previas,educacion,PARTIDO_PATRIOTICO_DEL_PERU,Difundir contenidos sobre familia durante 2027 - 2030.,Difundir,2027 - 2030,"La promesa de “difundir contenidos sobre familia” sí puede encuadrarse en funciones municipales de promoción social, porque la Ley 27972 permite a las municipalidades ejercer funciones promotoras y, en materia de programas sociales, “difundir y promover los derechos del niño y del adolescente, de la mujer y del adulto mayor”, además de acciones de concertación y participación en desarrollo social. En la MML existe el ROF aprobado por Ordenanza 2537 y modificatorias, con una Subgerencia de la Mujer y Familia, lo que muestra capacidad orgánica para este tipo de difusión; sin embargo, una promesa concreta para 2027-2030 requiere programarla en el presupuesto institucional del año correspondiente y/o formalizar metas y actividades en instrumentos de gestión, no siendo una acción automáticamente ejecutable hoy solo por anuncio político. El pliego 150101 de la MML tiene una restricción fiscal relevante: su inversión per cápita fue S/ 7.42, la menor del país, por lo que la viabilidad depende de asignación específica y continuidad presupuestal.","No es una acción prohibida, pero no se ejecuta de forma automática sin programación presupuestaria, definición de metas y soporte operativo en el PIA/PIM del pliego 150101; además, el verbo es genérico y no asegura una actividad concreta con indicador verificable.","Incorporarla mediante programación en el presupuesto del ejercicio 2027-2030 del pliego 150101, con metas y actividades de la Gerencia/Subgerencia competente; si se busca ampliar o precisar alcances, puede requerir ordenanza o actualización de instrumentos de gestión, además de coordinación interna y asignación de recursos.",Ley Orgánica de Municipalidades - Ley N.° 27972: https://www.gob.pe/institucion/jne/normas-legales/8133550-ley-organica-de-municipalidades-ley-n-27972 | Ordenanza N.° 2537 - ROF MML: https://busquedas.elperuano.pe/dispositivo/NL/2170330-1 | Portal de transparencia MML: https://www.transparencia.gob.pe/enlaces/pte_transparencia_enlaces.aspx?id_entidad=1434&id_tema=5&ver=D | Presupuesto público MML - pliego 150101: https://apps5.mineco.gob.pe/
Requiere condiciones previas,educacion,PARTIDO_POLITICO_PUEBLO_CONSCIENTE,Crear un centro de idiomas municipal en la Municipalidad Metropolitana de Lima.,Crear,Sin plazo definido,"La MML sí tiene base legal para acciones en educación/cultura: el artículo 82 de la Ley 27972 permite promover el desarrollo humano, coordinar el proyecto educativo local y organizar y sostener centros culturales, bibliotecas, teatros y talleres de arte, pero no le asigna como competencia propia la educación básica ni una red municipal de enseñanza de idiomas. El ROF vigente de la MML, aprobado por Ordenanza 2537 y modificatorias, sí contempla funciones vinculadas a cultura y bibliotecas, lo que permite encuadrar un centro de idiomas como servicio cultural/educativo complementario, no como prestación educativa nacional. Sin embargo, la promesa requiere creación operativa, definición de unidad responsable, presupuesto y programación en el pliego 150101; además, la referencia de presupuesto disponible no permite afirmar ejecución inmediata sin afectación del PIA/PIM o una habilitación interna. Por ello no es factible “hoy” sin paso previo normativo y presupuestal.","No existe evidencia de una competencia municipal expresa para impartir educación formal de idiomas; la implementación exige definir el encuadre funcional, la unidad orgánica responsable y financiamiento específico en el pliego 150101.","Ordenanza metropolitana o modificación del ROF para asignar la función; incorporación de la actividad en el PIA/PIM del pliego 150101 o programación en el siguiente ejercicio; de ser necesario, convenio con una entidad especializada para la operación académica.",Ley Orgánica de Municipalidades - Ley N.° 27972: https://www.mef.gob.pe/contenidos/presu_publ/capacita/programacion_formulacion_presupuestal2012/Anexos/ley27972.pdf | Ordenanza N.° 2537 - ROF de la Municipalidad Metropolitana de Lima: https://busquedas.elperuano.pe/dispositivo/NL/2170330-1 | Consulta Amigable del MEF: https://apps5.mineco.gob.pe/transparencia/Navegador/default.aspx
Requiere condiciones previas,educacion,Partido Aprista Peruano,"Elevar el acceso a expresiones artísticas y culturales de 41 % a 60 %, con verificación distrital; 250,000 participantes anuales en actividades deportivas, superando en 65 % la meta institucional vigente; 20 espacios públicos recuperados, priorizando distritos con menor oferta per cápita",Elevar,2030,"La MML sí tiene competencia para promover actividades artísticas y culturales, así como para normar, coordinar y fomentar el deporte y la recreación, conforme al artículo 82 de la Ley 27972; además, el ROF vigente asigna a la Gerencia de Cultura la función de formular, dirigir, administrar, promover, ejecutar y evaluar actividades culturales y expresiones artísticas. Sin embargo, la meta planteada incorpora resultados cuantitativos y una expansión de cobertura que no se desprenden automáticamente de la competencia vigente y dependen de programación operativa, priorización territorial y disponibilidad presupuestal del pliego 150101, cuyo margen inversor es limitado. La recuperación de 20 espacios públicos puede encajar en funciones municipales sobre ornato, uso del espacio público y recreación, pero para ejecutarse con esa escala requiere respaldo de PIA/PIM, cartera de intervenciones y, de ser el caso, articulación con ordenanzas o acuerdos de gestión ya no incluidos en la promesa.","La promesa no es de ejecución inmediata automática: requiere capacidad operativa y presupuestal del pliego 150101 para financiar actividades, mantenimiento y recuperación de espacios; además, la verificación distrital de acceso cultural y la ampliación a 250,000 participantes exigen sistemas de medición y programación territorial que no están contenidos en la sola formulación de la promesa.","Ajuste del PIA/PIM del pliego 150101 y programación operativa anual con metas físicas por distrito; de ser necesario, ordenanza metropolitana o modificación interna del ROF para reordenar prioridades y asignar responsabilidades, además de convenios con distritos y/o financiamiento multianual en el siguiente ejercicio presupuestal.",Ley Orgánica de Municipalidades - Ley 27972: https://www.municallao.gob.pe/portal-anterior/pdf/rentas/legislacion/NORMAS_LEGALES_VIGENTE/Ley-27972.pdf | Ordenanza N.° 2537 - ROF de la Municipalidad Metropolitana de Lima: https://busquedas.elperuano.pe/dispositivo/NL/2170330-1 | Publicación oficial sobre ROF y Gerencia de Cultura de la MML: https://busquedas.elperuano.pe/api/archivo/file/2332057-1.PDF | Modificatoria del ROF vinculada a cultura y PROLIMA: https://busquedas.elperuano.pe/api/visor_html/2266826-1
Requiere condiciones previas,educacion,Partido Morado,Se desplegará un programa masivo de alfabetización y adopción tecnológica enfocado en el uso de herramientas de IA generativa gratuitas o de bajo costo.,Se desplegará,Sin plazo definido,"La promesa se vincula con educación y apoyo al uso de nuevas tecnologías, materia en la que la Ley 27972 sí reconoce competencias compartidas a las municipalidades: promover comunidades educadoras, diseñar y ejecutar el proyecto educativo local, y apoyar la incorporación y desarrollo de nuevas tecnologías para el mejoramiento del sistema educativo (art. 82, incs. 1, 2 y 8). Sin embargo, un “programa masivo” de alfabetización y adopción tecnológica en IA generativa no aparece como servicio ya establecido en la MML ni como obligación legal específica, y su ejecución requeriría habilitación operativa y presupuestal dentro del pliego 150101. La MML cuenta con ROF vigente aprobado por Ordenanza 2537 y modificatorias, pero el salto a una intervención masiva con IA exige precisar unidad ejecutora, financiamiento y coordinación sectorial, por lo que no puede calificarse como factible inmediata. En consecuencia, la promesa es municipal en su finalidad, pero depende de ajustes previos de programación y/o ordenanza para ser implementada a escala.","No existe evidencia de un programa masivo ya operativo en la MML; la competencia es compartida y requiere coordinación con DRE/UGEL para el componente educativo. Además, la ejecución masiva depende de disponibilidad presupuestal del pliego 150101, cuyo nivel de inversión per cápita es el menor del país según el contexto proporcionado, lo que limita una expansión inmediata sin reprogramación o financiamiento adicional.","Podría habilitarse mediante una ordenanza metropolitana que apruebe el programa, con su incorporación al PIA/PIM del pliego 150101 y la asignación de recursos en el ejercicio siguiente o mediante modificaciones presupuestarias si existiera saldo disponible. También requeriría convenios operativos con DRE/UGEL para la implementación en instituciones educativas.",Ley Orgánica de Municipalidades - Ley N.° 27972: https://www.mef.gob.pe/contenidos/presu_publ/capacita/programacion_formulacion_presupuestal2012/Anexos/ley27972.pdf | Ordenanza N.° 2537 - ROF de la Municipalidad Metropolitana de Lima: https://busquedas.elperuano.pe/dispositivo/NL/2170330-1 | Municipalidad Metropolitana de Lima - Transparencia: https://www.transparencia.gob.pe/enlaces/pte_transparencia_enlaces.aspx?id_entidad=1434&id_tema=5&ver=D | Consulta Amigable del MEF: https://apps5.mineco.gob.pe/transparencia/Navegador/default.aspx
Requiere condiciones previas,educacion,Perú Libre,"Se propondrá la creación de cursos hacia niños, niñas, mujeres y hombres para desarrollar una cultura que nos permita mirar de manera horizontal tanto al hombre como a la mujer.",propondrá,Sin plazo definido,"La promesa sí encaja parcialmente en el artículo 82 de la Ley 27972, porque las municipalidades pueden promover el desarrollo humano sostenible, diseñar y evaluar acciones educativas en coordinación con la DRE/UGEL y promover la igualdad de oportunidades con criterio de equidad[1][2]. En la MML esto podría canalizarse por la Gerencia de Cultura y sus funciones de promoción cultural, pero la acción concreta de “crear cursos” exige una programación operativa y presupuestal previa; además, el pliego 150101 tiene una inversión per cápita de S/ 7.42, el menor del país, lo que restringe su despliegue inmediato sin reasignación o ampliación presupuestal. No existe en la información revisada un programa vigente específico de cursos con esa meta diferenciada, por lo que no es una ejecución automática con el marco actual.","Necesita definición operativa, cobertura, entidad ejecutora y financiamiento en el PIA/PIM del pliego 150101; además, si los cursos se dirigen a población escolar, debe articularse con DRE/UGEL por tratarse de competencia compartida, no exclusiva de la MML[1][2].","Puede habilitarse mediante ordenanza o directiva interna que apruebe el programa, más ajuste del PIA/PIM o programación presupuestal del siguiente ejercicio en el pliego 150101; si se busca cobertura metropolitana sostenida, también requeriría convenio con DRE/UGEL y soporte de la Gerencia de Cultura.",Ley N.° 27972 - Ley Orgánica de Municipalidades: https://www.mef.gob.pe/contenidos/presu_publ/capacita/programacion_formulacion_presupuestal2012/Anexos/ley27972.pdf | Ley N.° 27972 - versión MML: https://www.munlima.gob.pe/images/descargas/normas-administrativas/Ley%2027972%20_%20Ley%20Org%C3%A1nica%20de%20Municipalidades.pdf | Ordenanza N.° 2537 - ROF MML: https://www.transparencia.gob.pe/enlaces/pte_transparencia_enlaces.aspx?id_entidad=1434&id_tema=5&ver=D
Requiere condiciones previas,educacion,Podemos Peru,Se crearán Escuelas Municipales de Formación Deportiva en la infraestructura de los complejos deportivos de la MML.,Se crearán,Sin plazo definido,"El artículo 82 de la Ley 27972 sí habilita a las municipalidades a normar, coordinar y fomentar el deporte y la recreación, incluyendo expresamente “escuelas comunales de deporte” y la construcción o uso temporal de infraestructura deportiva, por lo que la promesa no excede por sí misma la competencia municipal. Sin embargo, la creación de “Escuelas Municipales de Formación Deportiva” exige formalización operativa y presupuestal dentro de la MML, porque no basta el anuncio político: debe encajar en la estructura funcional y en la programación del pliego 150101, cuyo presupuesto de inversión per cápita es S/ 7.42 y es el menor del país. En la práctica, la viabilidad depende de que la Subgerencia/área competente de deportes ya tenga habilitación orgánica y de que existan recursos en el PIA/PIM o una reprogramación para cubrir personal, materiales, mantenimiento y uso de complejos deportivos. La referencia más cercana en normativa sectorial local es la regulación metropolitana de infraestructura deportiva y el funcionamiento de escuelas deportivas dentro de centros administrados por la MML.","No hay evidencia en lo consultado de que la promesa pueda implementarse inmediatamente en todos los complejos deportivos sin ajuste operativo y presupuestal; además, el bajo margen del pliego 150101 limita expansión masiva. Si la meta implica nuevas plazas de instructores, equipamiento o apertura de sedes adicionales, requiere disponibilidad presupuestaria y programación interna.","Puede habilitarse mediante incorporación explícita en la programación operativa y presupuestal del pliego 150101, o mediante ajuste del PIA/PIM con reasignación a la unidad orgánica de deportes; si se pretende ampliar cobertura, debería quedar prevista en el presupuesto del siguiente ejercicio y, de ser necesario, en una ordenanza/acto de gestión que precise el servicio y su alcance.",Ley Orgánica de Municipalidades - Ley N.° 27972: https://www.mef.gob.pe/contenidos/presu_publ/capacita/programacion_formulacion_presupuestal2012/Anexos/ley27972.pdf | Ley Orgánica de Municipalidades - Ley N.° 27972 (versión difundida por portal municipal): https://www.muniate.gob.pe/wp-content/uploads/2026/04/LEY-N%C2%B0-27972.pdf | Consulta Amigable MEF - Pliego 150101 Municipalidad Metropolitana de Lima: https://apps5.mineco.gob.pe/ | Reglamento de infraestructura deportiva MML: https://www.studocu.com/pe/document/universidad-alas-peruanas/fundamentos-de-ingenieria-y-arquitectura/da19-reglamento-ord2274-infraestrcutra-deportiva-publica-mml-29/77988519?origin=related-document
Requiere condiciones previas,educacion,Progresemos,"Gestionar alianzas estratégicas con organismos internacionales y agencias de cooperación para el cofinanciamiento de infraestructura, innovación y transferencia de conocimientos.",Gestionar,Sin plazo definido,"La Ley 27972 permite a las municipalidades, en educación, promover comunidades educadoras, diseñar y evaluar el proyecto educativo de su jurisdicción, apoyar redes educativas y hacer alianzas estratégicas con instituciones especializadas; además, la infraestructura educativa municipal solo procede ""de acuerdo... al presupuesto que se le asigne"" (art. 82). La MML ya ha suscrito convenios de cooperación para capacitación y becas, por lo que la gestión de alianzas con organismos internacionales es jurídicamente posible; sin embargo, el cofinanciamiento de infraestructura e innovación requiere convenios específicos, programación presupuestal y, para inversión, compatibilidad con el PIM/PIA del pliego 150101 y/o el siguiente ejercicio. El pliego 150101 del GRML registra una inversión per cápita de S/ 7.42, la menor del país, lo que limita la magnitud de cofinanciamiento que podría comprometer la propia MML sin ajustes presupuestales previos.","No hay competencia directa de la MML sobre educación básica; la ejecución de infraestructura educativa depende de coordinación con DRE/UGEL y de presupuesto asignado. El componente de cofinanciamiento no puede activarse solo con el anuncio político: necesita convenios, sostenibilidad presupuestal y, si implica inversión, registro y certificación en el presupuesto del pliego 150101.","Suscribir convenios específicos de cooperación internacional y, si corresponde, incorporar o reprogramar recursos mediante ajuste del PIA/PIM del pliego 150101; para infraestructura, dejarla programada en el siguiente ejercicio presupuestal si no existe partida vigente. También puede formalizarse mediante ordenanza o acuerdo metropolitano que autorice la política de cooperación y faculte la celebración de convenios, sin sustituir la necesidad de financiamiento.",Ley Orgánica de Municipalidades - Ley 27972 (art. 82): https://www.mef.gob.pe/contenidos/presu_publ/capacita/programacion_formulacion_presupuestal2012/Anexos/ley27972.pdf | Proyecto de presupuesto 2025 del GRML / pliego 150101: https://www3.congreso.gob.pe/Docs/comisiones2025/presupuesto/files/ley_de_ppto_2026/exposici%C3%B3n/gores/metropolitsns_lima/presentaci%C3%B3n_proyecto_presupuesto_2025_grml_2_(2).pdf | Minedu y MML firman convenio para promover el deporte escolar: https://www.gob.pe/institucion/minedu/noticias/961033-minedu-y-municipalidad-metropolitana-de-lima-firman-convenio-para-promover-el-deporte-escolar | MML y CAEN firman convenio interinstitucional: https://www.gob.pe/institucion/munilima/noticias/1301886-el-alcalde-renzo-reggiardo-firmo-un-convenio-con-el-caen-para-fortalecer-la-capacitacion-de-los-funcionarios-municipales
Requiere condiciones previas,educacion,Renovación Popular,"Fortaleceremos el deporte escolar mediante escuelas deportivas municipales, competencias inter escolares y el mejoramiento de la infraestructura deportiva educativa como herramienta de formación integral y prevención de la violencia.",Fortaleceremos,Sin plazo definido,"La propuesta encaja en la competencia municipal compartida del artículo 82 de la Ley 27972, que permite a las municipalidades normar, coordinar y fomentar el deporte y la recreación de la niñez y juventud mediante escuelas comunales de deporte y la construcción o uso temporal de espacios deportivos. Sin embargo, el componente de “mejoramiento de la infraestructura deportiva educativa” sobre locales escolares requiere coordinación con las entidades responsables de educación y normalmente demanda programación presupuestal e intervención específica en el PIA/PIM del pliego 150101 o convenios interinstitucionales. En el presupuesto público, la MML opera bajo el pliego 150101; la consulta amigable del MEF permite verificar PIA/PIM y ejecución, pero la viabilidad concreta depende de que existan recursos ya asignados a ese tipo de gasto o que se incorporen mediante ajuste presupuestario. La promesa no es una obligación legal ya existente ni algo completamente ajeno a sus funciones, pero tampoco puede ejecutarse hoy en todos sus componentes sin pasos previos.",Limitación competencial sobre infraestructura educativa pública y necesidad de coordinación con entidades del sistema educativo; posible insuficiencia de recursos específicos en el pliego 150101 para nuevas escuelas deportivas municipales o mejoras en colegios sin ajuste presupuestal.,"Requiere, como mínimo, programación o reorientación en el PIA/PIM del pliego 150101, y para infraestructura en locales escolares, convenios con las entidades educativas competentes; si se quiere ampliar alcance, podría incorporarse en el presupuesto del siguiente ejercicio mediante ordenanza y programación multianual.",Ley Orgánica de Municipalidades - Ley N.° 27972: https://www.congreso.gob.pe/Docs/DGP/DIDP/files/descentralizacion/27972.pdf | Seguimiento de la Ejecución Presupuestal - MEF: https://www.mef.gob.pe/es/seguimiento-de-la-ejecucion-presupuestal-consulta-amigable | Portal de Transparencia Económica - MEF: https://www.mef.gob.pe/es/portal-de-transparencia-economica
Requiere condiciones previas,educacion,Somos Perú,"Se aprobará una agenda mensual de visitas mediadas, talleres, recorridos, ferias, actividades familiares y experiencias de aprendizaje urbano, articulada con instituciones educativas y organizaciones culturales.",Aprobar,Sin plazo definido,"La promesa se ubica en el ámbito de educación, cultura y recreación, materias en las que las municipalidades tienen competencias compartidas para promover comunidades educadoras, diseñar y evaluar el proyecto educativo local y promover actividades culturales diversas (Ley 27972, art. 82 y art. 73.3). El ROF de la MML aprobado por Ordenanza 2537 y sus modificatorias reconoce una estructura orgánica con funciones en cultura y gestión de espacios/servicios metropolitanos, por lo que la agenda de visitas mediadas, talleres, recorridos y ferias puede encuadrarse como actividad municipal. Sin embargo, la ejecución articulada con instituciones educativas y organizaciones culturales requiere programación operativa, coordinación interinstitucional y previsión presupuestal en el pliego 150101; la consulta de presupuesto de la MML muestra un pliego de recursos limitado y de inversión per cápita muy baja, por lo que no es una acción automática ni completamente ejecutable hoy sin habilitación administrativa y presupuestal. La promesa es viable solo si se incorpora en la programación institucional y presupuestaria correspondiente, o se sostiene en convenios ya existentes con entidades educativas y culturales.","No es competencia exclusiva de la MML sobre instituciones educativas; requiere coordinación con DRE/UGEL y aliados culturales. Además, la agenda mensual exige recursos operativos, personal y programación en el pliego 150101, que no se desprenden automáticamente del presupuesto vigente.","Incluirla en el POI y en la programación del PIA/PIM del pliego 150101, o aprobar una ordenanza/metodología interna que formalice la agenda y sus convenios; si no existe cobertura presupuestal suficiente, debe financiarse con reasignación interna o para el siguiente ejercicio fiscal.",Ley Orgánica de Municipalidades - Ley N.° 27972: https://www.mef.gob.pe/es/normatividad/por-instrumento/leyes/6839-ley-n-27972-2/file | Ordenanza N.° 2537 - ROF de la Municipalidad Metropolitana de Lima: https://busquedas.elperuano.pe/dispositivo/NL/2170330-1 | Municipalidad Metropolitana de Lima - Transparencia: https://www.transparencia.gob.pe/enlaces/pte_transparencia_enlaces.aspx?id_entidad=1434&id_tema=5&ver=D
Requiere condiciones previas,educacion,Visión Perú,"La Municipalidad Metropolitana de Lima implementará un programa de intervención en colegios públicos priorizados, especialmente en zonas con alta inseguridad, violencia escolar, consumo de drogas, pandillaje, abandono familiar o deterioro del entorno urbano.",implementará,Sin plazo definido,"La promesa sí encaja parcialmente en competencias municipales: el artículo 82 de la Ley 27972 permite a las municipalidades provinciales promover el desarrollo educativo local, coordinar el proyecto educativo de su jurisdicción y construir, equipar y mantener infraestructura educativa de su jurisdicción. Sin embargo, la intervención en colegios públicos priorizados exige coordinación con la DRE/UGEL y no puede sustituir competencias del sistema educativo nacional; además, el ROF vigente de la MML concentra la seguridad ciudadana en la Gerencia de Seguridad Ciudadana, no la gestión educativa. En presupuesto, la MML opera con el pliego 150101 y su inversión per cápita es S/ 7.42, el menor del país según el contexto aportado; por ello, la ejecución inmediata en escala requiere habilitación presupuestal o reprogramación para sostenerla. La lógica de apoyo en zonas de inseguridad puede articularse con serenazgo y prevención, pero la intervención integral en colegios no es ejecutable hoy sin un diseño operativo y financiero adicional.","La MML no tiene competencia directa sobre educación básica ni sobre consumo de drogas o violencia escolar como política sectorial; solo puede coordinar, apoyar infraestructura y acciones intersectoriales. El pliego 150101 tiene restricción presupuestal relevante para ampliar una intervención sostenida en colegios priorizados.","Requiere una ordenanza metropolitana o acto de gestión que apruebe el programa, coordinación/convenio con DRE/UGEL y ajuste del PIA/PIM del pliego 150101; si se pretende ampliar cobertura, podría programarse en el siguiente ejercicio fiscal.",Ley Orgánica de Municipalidades - Ley 27972: https://www.mef.gob.pe/contenidos/presu_publ/capacita/programacion_formulacion_presupuestal2012/Anexos/ley27972.pdf | Ordenanza N° 2537 - ROF de la MML: https://busquedas.elperuano.pe/dispositivo/NL/2170330-1 | Presupuesto aprobado año 2026 - MEF: https://www.mef.gob.pe/es/presupuesto-del-sector-publico/aprobacion-presupuestal/nacional-regional-y-local | Municipalidad Metropolitana de Lima - portal institucional: https://www.munlima.gob.pe/
Requiere condiciones previas,economia,Acción Popular,"Promoveremos una mayor articulación entre la Municipalidad Metropolitana de Lima, gobiernos distritales, sector privado, academia y cooperación internacional para acercar oportunidades de capacitación, inserción laboral, desarrollo productivo y acceso a mercados.",Promoveremos,Sin plazo definido,"La promesa sí encaja en la competencia municipal de promoción del desarrollo económico local: el artículo 195 de la Ley 27972 dispone que los gobiernos locales promueven el desarrollo económico local y el artículo 86.1.4 permite concertar con el sector público y privado la ejecución de programas de apoyo al desarrollo económico local, además de fomentar inversiones privadas y la generación de empleo. Sin embargo, la redacción promete una articulación amplia con distritos, sector privado, academia y cooperación internacional; para operativizarla en la MML normalmente se requiere una decisión de organización y ejecución mediante el ROF y/o un instrumento de gestión y convenios, y no se identifica en la información recogida una meta específica ya habilitada como programa propio para esa articulación. En el plano orgánico, el ROF de la MML aprobado por Ordenanza 2537 y modificatorias reconoce funciones para promoción de inversión y desarrollo económico, pero la acción concreta de coordinación multiactor no es automática ni está plenamente detallada como servicio vigente en la evidencia consultada. El pliego 150101 tiene además una inversión per cápita de S/ 7.42, la menor del país, por lo que la promesa depende de priorización presupuestal dentro del mismo pliego o de convenios sin crear una carga nueva inmediata.","No existe, con la evidencia revisada, un programa vigente específico de la MML que ya ejecute esa articulación multiactor con metas propias; además, la capacidad financiera del pliego 150101 es reducida para expandir acciones sin reprogramación o convenios. La promesa también excede la sola coordinación interna y requiere formalización externa con distritos, academia, privado y cooperación.","Puede habilitarse mediante convenios interinstitucionales y, de ser necesario, ajuste del PIA/PIM del pliego 150101 o programación en el siguiente ejercicio fiscal; si se quiere institucionalizar una unidad o función específica, también requeriría modificación del ROF por ordenanza metropolitana.",Ley Orgánica de Municipalidades - Ley 27972: https://www2.congreso.gob.pe/sicr/cendocbib/con4_uibd.nsf/29DA6352A2AF2DD305257B830064A7D5/$FILE/27972.pdf | Ordenanza N° 2537 - ROF de la Municipalidad Metropolitana de Lima: https://busquedas.elperuano.pe/dispositivo/NL/2170330-1 | Consulta Amigable MEF - Pliego 150101: https://apps5.mineco.gob.pe/transparencia/Navegador/default.aspx | Portal de transparencia MML: https://www.transparencia.gob.pe/enlaces/pte_transparencia_enlaces.aspx?id_entidad=1434&id_tema=5&ver=D
Requiere condiciones previas,economia,Ahora Nación,"Desarrollaremos intervenciones integrales en las principales zonas comerciales del Cercado de Lima para regular el comercio informal, fortalecer la seguridad ciudadana, facilitar el cumplimiento normativo, promover la formalización de las actividades económicas y dar alternativas progresivas de formalización para quienes trabajan en las vías públicas.",Desarrollaremos,Sin plazo definido,"La promesa sí cae dentro de competencias municipales de la MML en cuanto a regular y controlar el comercio ambulatorio y ejercer fiscalización/serenazgo en el Cercado de Lima; la Ley 27972 reconoce la función provincial sobre comercio ambulatorio y la posibilidad de dictar normas metropolitanas para su ordenamiento. El ROF de la MML aprobado por Ordenanza 2537 organiza esas funciones en órganos de fiscalización, desarrollo económico, seguridad ciudadana y gestión urbana, por lo que la intervención integral puede encuadrarse institucionalmente. Sin embargo, la componente de formalización y alternativas progresivas suele exigir reglas operativas, ordenanza o adecuación de procedimientos, además de financiamiento específico; el pliego 150101 opera con una inversión per cápita muy baja (S/ 7.42, dato de referencia del presupuesto 2025), por lo que la ejecución inmediata de una intervención integral depende de priorización y reprogramación presupuestal.","Requiere encaje operativo mediante ordenanza/metas internas y financiamiento para fiscalización, señalización, módulos, reubicación o acompañamiento de formalización; con el presupuesto ordinario del pliego 150101 la escala integral anunciada no se desprende como ejecución automática. La formalización de actividades económicas no se agota en un acto de la alcaldía y normalmente demanda procedimientos y coordinación interinstitucional para permisos, licencias y control.","Puede habilitarse mediante una ordenanza metropolitana específica para ordenar zonas comerciales del Cercado, aprobar reglas de intervención, y luego incorporarse a la programación del PIA/PIM del pliego 150101 o del siguiente ejercicio fiscal; si se crean componentes materiales, también puede requerir transferencias o habilitaciones presupuestales internas.",Ley Orgánica de Municipalidades - Ley 27972: https://jurispol.pe/ley-organica-de-municipalidades-ley-27972/ | Ley Orgánica de Municipalidades - Ley 27972 (PDF MEF): https://www.mef.gob.pe/contenidos/presu_publ/capacita/programacion_formulacion_presupuestal2012/Anexos/ley27972.pdf | Ordenanza N.° 2537 - ROF de la MML: https://busquedas.elperuano.pe/dispositivo/NL/2170330-1 | Portal de Transparencia MML: https://www.transparencia.gob.pe/enlaces/pte_transparencia_enlaces.aspx?id_entidad=1434&id_tema=5&ver=D | Consulta Amigable MEF - Pliego 150101: https://apps5.mineco.gob.pe/
Requiere condiciones previas,economia,Alianza Electoral Venceremos,"Lima Trabaja y Produce: apoyo al comercio popular, mercados organizados y emprendimiento del cono.",implementaremos,Sin plazo definido,"La promesa sí cae dentro de competencias metropolitanas de la MML: el artículo 83 de la Ley 27972 le asigna a la municipalidad provincial regular el comercio ambulatorio, dictar normas sobre comercialización de alimentos y bebidas, y construir/equipar/mantener mercados de abastos, además de brindar orientación y capacitación a comerciantes. El ROF/organigrama metropolitano vigente reconoce funciones vinculadas a desarrollo económico local, fiscalización, mercados y comercio, por lo que el componente normativo y de gestión existe; sin embargo, para una intervención concreta en mercados organizados o apoyo al comercio popular se requieren instrumentos de implementación, priorización presupuestal y, según el caso, ordenanza o ajuste de metas del PIA/PIM. El pliego 150101 de la MML tiene un margen presupuestal limitado, con inversión per cápita referida de S/ 7.42, por lo que la promesa no es ejecutable de inmediato como expansión sustantiva sin reprogramación o nueva habilitación presupuestaria.","Limitación presupuestal del pliego 150101 para ampliar programas de apoyo y formalización; eventual necesidad de ordenar el uso del espacio público mediante instrumentos normativos y de coordinación con municipalidades distritales; si se pretende crear nuevas líneas de intervención o subsidios, requiere programación presupuestal o ajuste del PIA/PIM.","Puede habilitarse mediante ordenanza metropolitana que precise el programa, metas y reglas de intervención, junto con ajuste del PIA/PIM del pliego 150101 y priorización en el siguiente ejercicio fiscal si la escala supera la capacidad vigente.","Ley N.° 27972, Ley Orgánica de Municipalidades: https://jurispol.pe/ley-organica-de-municipalidades-ley-27972/ | Ordenanza N.° 2537 de la Municipalidad Metropolitana de Lima: https://busquedas.elperuano.pe/dispositivo/NL/2170330-1 | Municipalidad Metropolitana de Lima - Transparencia institucional: https://www.transparencia.gob.pe/enlaces/pte_transparencia_enlaces.aspx?id_entidad=1434&id_tema=5&ver=D | Normas y documentos legales - MML: https://www.gob.pe/institucion/munilima/normas-legales"
Requiere condiciones previas,economia,Alianza para el Progreso,Incrementar del 15% al 30% la proporción de MYPE limeñas con acceso a financiamiento formal al 2030.,Incrementar,2030,"La MML sí tiene competencia para promover el desarrollo económico local con incidencia en la MYPE, y para diseñar e implementar planes y campañas de simplificación y formalización, conforme al artículo VI y al artículo 86 de la Ley 27972 (incluye flexibilizar procedimientos, campañas conjuntas y programas de desarrollo económico local). Sin embargo, la promesa apunta a un resultado específico de acceso a financiamiento formal, que no depende solo de la municipalidad porque el crédito lo otorgan entidades financieras y los programas de garantía/financiamiento se articulan con actores externos; además, la MML no aparece con un programa vigente propio de financiamiento masivo en el portal institucional consultado. En el pliego 150101, el presupuesto de inversión per cápita de S/ 7.42 evidencia una capacidad financiera muy limitada para crear instrumentos de alto alcance sin reprogramación, convenio o asignación específica en el PIM/PIA. Por ello, la meta puede encuadrarse en competencia municipal, pero no es ejecutable hoy con lo ya existente sin un mecanismo habilitador adicional.","Limitación de competencia sobre el otorgamiento del financiamiento formal, que recae en el sistema financiero y programas nacionales; ausencia de un instrumento financiero metropolitano vigente de alcance suficiente; y restricción presupuestal del pliego 150101 para sostener garantías, subvenciones o asistencia técnica masiva.","Requeriría una ordenanza metropolitana que cree o autorice el programa, más convenios con COFIDE, banca múltiple, cajas y/o programa nacional, y la incorporación de recursos mediante ajuste del PIA/PIM o programación en el siguiente ejercicio fiscal; si se opta por garantías o capital semilla, también se necesitaría una fuente presupuestal específica y sostenibilidad multianual.",Ley Orgánica de Municipalidades - Ley N.° 27972: https://www.sat.gob.pe/TransparenciaV3/Portals/0/Docs/NormasOtrasEntidades/Ley_Organica_27972.pdf | Municipalidad Metropolitana de Lima - Portal institucional: https://www.gob.pe/munilima | MML - Transparencia / Entidad: https://www.transparencia.gob.pe/enlaces/pte_transparencia_enlaces.aspx?id_entidad=1434&id_tema=5&ver=D
Requiere condiciones previas,economia,Avanza País,"Promover e incentivar la actividad manufacturera, industrial, de producción, de construcción, de comercio exterior, transportes, comunicaciones, de servicios y a la micro y pequeña empresa y al comercio en general como actividades generadoras de trabajo.",Promover,Sin plazo definido,"La Ley 27972 sí permite a los gobiernos locales promover el desarrollo económico local, con incidencia en la micro y pequeña empresa, y les asigna funciones en desarrollo y economía local, como promover la generación de empleo, la MYPE y el fomento de inversiones privadas (art. 73 y art. 79; en Lima Metropolitana además se articula con las funciones del ROF de la MML, Ord. 2537, que atribuye a la Gerencia de Desarrollo Económico la promoción de la actividad económica, empresarial, productiva y comercial). Sin embargo, la promesa es amplia y abarca manufactura, industria, comercio exterior, transportes, comunicaciones y servicios, materias que en buena parte exceden la capacidad directa de la MML o dependen de instrumentos de planificación y regulación específicos. La estructura vigente de la MML permite promoción y articulación, pero no asegura una ejecución inmediata de una política integral sin actos adicionales de programación y priorización presupuestal en el pliego 150101.","El obstáculo principal es que la promesa mezcla competencias municipales con sectores cuya regulación y promoción sustantiva no dependen solo de la MML, especialmente comercio exterior y gran parte de la industria, transportes y comunicaciones. Además, el pliego 150101 tiene inversión per cápita de S/ 7.42, el menor del país, lo que limita la capacidad de desplegar una política económica de gran alcance sin reasignaciones o priorización del presupuesto existente.","Puede habilitarse mediante programación en el POI/PIA/PIM del pliego 150101, usando las competencias de desarrollo económico local del art. 73 y las funciones del ROF de la MML, y mediante ordenanzas o directivas metropolitanas que organicen promoción, formalización y articulación empresarial. Si se busca ampliar cobertura o metas, requeriría ajuste presupuestal y eventualmente programación en el siguiente ejercicio fiscal.",Ley Orgánica de Municipalidades - Ley 27972: https://www2.congreso.gob.pe/sicr/cendocbib/con4_uibd.nsf/29DA6352A2AF2DD305257B830064A7D5/$FILE/27972.pdf | Ordenanza N.° 2537 - ROF de la Municipalidad Metropolitana de Lima: https://busquedas.elperuano.pe/dispositivo/NL/2170330-1 | Consulta Amigable del MEF - Pliego 150101: https://apps5.mineco.gob.pe/transparencia/Navegador/default.aspx
Requiere condiciones previas,economia,Batalla Perú,"Promover formalización productiva progresiva, mercados ordenados, capacitación empresarial, simplificación de licencias y digitalización de servicios municipales para MYPE y emprendimientos.",Promover,2030,"La promoción de formalización productiva, mercados ordenados, capacitación empresarial, simplificación de licencias y digitalización de servicios sí encaja en competencias municipales de la MML: el artículo 83 de la Ley 27972 le atribuye regular el comercio ambulatorio, establecer normas sobre comercio y otorgar licencias de apertura, además de promover mercados de abastos[1]. El ROF de la MML aprobado por Ordenanza 2537 y sus modificatorias organiza gerencias con funciones vinculadas a licencias, fiscalización, comercio y servicios al administrado, por lo que la línea de acción es jurídicamente posible dentro del gobierno local[4][11][15]. Sin embargo, la promesa mezcla medidas que requieren implementación administrativa y digital específica, y no basta la sola voluntad política: su ejecución concreta depende de ajustes operativos, eventuales cambios normativos internos y disponibilidad presupuestal en el pliego 150101, cuyo portal de transparencia del MEF es el instrumento para verificar PIA/PIM y ejecución[14].","No puede considerarse lista para ejecutarse de inmediato sin precisar qué trámites, servicios digitales, metas de simplificación o acciones de capacitación ya están cubiertos por el TUPA y los procedimientos vigentes; además, cualquier ampliación de plataformas, automatización o rediseño de servicios puede exigir recursos del pliego 150101 y adecuaciones internas.","Puede habilitarse mediante ordenanza o modificación de instrumentos internos de gestión, actualización del TUPA y del ROF si se amplían o reordenan procedimientos, y programación presupuestal en el PIM/PIA del pliego 150101 para la siguiente fase de implementación.",Ley Orgánica de Municipalidades - Ley N.° 27972: https://www.mef.gob.pe/contenidos/presu_publ/capacita/programacion_formulacion_presupuestal2012/Anexos/ley27972.pdf | ROF de la Municipalidad Metropolitana de Lima - Ordenanza N.° 2537: https://busquedas.elperuano.pe/dispositivo/NL/2170330-1 | Modificación del ROF de la MML: https://busquedas.elperuano.pe/dispositivo/NL/2402206-1 | Portal de Transparencia Económica del MEF: https://www.mef.gob.pe/es/portal-de-transparencia-economica | Transparencia de la Municipalidad Metropolitana de Lima: https://www.transparencia.gob.pe/enlaces/pte_transparencia_enlaces.aspx?id_entidad=1434&id_tema=5&ver=D
Requiere condiciones previas,economia,COALICION_TRANSFORMADORA_TIERRA_VERDE.pdf,"Al regular de forma integral el circuito alimentario — desde el Mercado Mayorista hasta los mercados de abasto tradicionales — y al recuperar de manera sostenible el patrimonio arquitectónico y monumental, Lima dejará de ser una ciudad de tránsito para consolidarse como un destino turístico y comercial de escala internacional, ordenado y seguro.",regular,Sin plazo definido,"La promesa se ubica dentro de competencias municipales parcialmente existentes: la Ley 27972 atribuye a las municipalidades provinciales funciones sobre mercados de abastos y promoción/gestión del patrimonio cultural urbano, mientras que el ROF de la MML organiza esas funciones en áreas como desarrollo económico, fiscalización y recuperación del centro histórico. Sin embargo, el enunciado de “regular de forma integral” y “recuperar de manera sostenible” supone intervenir con mayor alcance normativo y operativo sobre el circuito alimentario y el patrimonio, lo que normalmente exige nuevos instrumentos de gestión, coordinación interinstitucional y programación presupuestal. Además, el pliego 150101 de la MML tiene la menor inversión per cápita del país (S/ 7.42 en el proyecto 2025), por lo que la ejecución integral no se sostiene solo con los recursos corrientes existentes.","No hay capacidad municipal para abarcar por sí sola todo el circuito alimentario urbano sin nuevas ordenanzas, ajustes del PIA/PIM y coordinación con propietarios, comerciantes y otras entidades; la recuperación patrimonial de gran escala también requiere financiamiento y habilitaciones específicas. La restricción principal es presupuestal y de diseño regulatorio más que de competencia exclusiva.","Puede habilitarse mediante una ordenanza metropolitana específica que desarrolle el régimen de mercados, comercio y recuperación patrimonial, junto con ajustes del PIA/PIM del pliego 150101 o programación en el siguiente ejercicio fiscal. También requeriría convenios de gestión y financiamiento para intervenciones en infraestructura de mercados y centro histórico, además de la articulación con el pliego 465 si se usa para proyectos metropolitanos vinculados al patrimonio.",Ley Orgánica de Municipalidades - Ley N.° 27972: https://www.mef.gob.pe/es/normatividad/por-instrumento/leyes/6839-ley-n-27972-2/file | Ordenanza N.° 2537 - ROF de la Municipalidad Metropolitana de Lima: https://busquedas.elperuano.pe/dispositivo/NL/2170330-1 | Proyecto de Presupuesto 2025 - Pliego 150101: https://www.mef.gob.pe/ | Portal institucional de la Municipalidad Metropolitana de Lima: https://www.munlima.gob.pe/
Requiere condiciones previas,economia,Demócrata Verde,Implementación de dos (02) ferias laborales y talleres de empleabilidad en forma virtual.,Implementación,en el periodo de un año,"La promesa se inserta en la función municipal de promoción del desarrollo económico local, pero la Ley 27972 no reconoce a la MML como ente rector del empleo ni le asigna una competencia exclusiva para organizar ferias laborales; el marco de ferias que sí aparece en la ley está referido a ferias de productos locales y comerciales, no a intermediación laboral (Ley 27972, art. 85 y funciones de promoción económica local). La MML sí ha ejecutado ferias laborales virtuales y capacitaciones de empleabilidad, por lo que la acción es compatible con su gestión, pero para institucionalizar dos ferias y talleres con meta específica requiere programación operativa y soporte presupuestal en el pliego 150101, cuyo nivel de inversión per cápita es S/ 7.42 y es el menor del país. En consecuencia, puede hacerse dentro de sus competencias solo si se habilita mediante programación del PIA/PIM o reasignación interna, y si se articula con la Gerencia de Desarrollo Económico y la Oficina/Programa de empleo de la MML.",No existe una competencia exclusiva o mandato legal expreso para ferias laborales virtuales; la ejecución depende de disponibilidad presupuestal y de la programación operativa del pliego 150101.,"Ajuste del PIA/PIM o reprogramación presupuestal en el pliego 150101, con soporte de la unidad orgánica competente de desarrollo económico; alternativamente, incluir la meta en el presupuesto del siguiente ejercicio mediante priorización institucional.",Ley Orgánica de Municipalidades - Ley N° 27972: https://www.leyes.congreso.gob.pe/Documentos/Leyes/27972.pdf | Municipalidad Metropolitana de Lima - Transparencia institucional: https://www.transparencia.gob.pe/enlaces/pte_transparencia_enlaces.aspx?id_entidad=1434&id_tema=5&ver=D | Proyecto de Presupuesto 2025 / pliego 150101: https://www.mef.gob.pe/ | Acuerdo/Documento de la MML sobre ferias laborales virtuales: https://cdn.www.gob.pe/uploads/document/file/3080952/AC%2097%2031.03.2022.pdf.pdf
Requiere condiciones previas,economia,Frente de la Esperanza,"Implementar programas de transformación digital para MYPES, incorporando comercio electrónico, marketing digital y herramientas tecnológicas orientadas a la seguridad ciudadana y la disminución de la desnutrición infantil.",Implementar,Sin plazo definido,"La promesa se vincula parcialmente con competencias municipales porque la Ley 27972 permite a las municipalidades ejercer función promotora en materias de su competencia y les reconoce funciones en desarrollo económico local, formalización de actividades y programas sociales; además, la MML tiene ROF aprobado por Ordenanza 2537-2023, con órganos de modernización y de desarrollo económico que pueden articular acciones digitales. Sin embargo, la parte orientada a seguridad ciudadana y, sobre todo, a disminuir la desnutrición infantil excede la competencia directa de la MML en términos de resultados sanitarios, porque la salud primaria y la política nutricional recaen en el nivel nacional y regional, aunque la municipalidad puede coordinar, focalizar y complementar. Con el pliego 150101, la restricción presupuestal es relevante: la MML registra una inversión per cápita de S/ 7.42, la menor del país, por lo que la ejecución integral del compromiso requiere priorización presupuestaria y probablemente convenios o programación específica, no solo gestión interna. La promesa puede ejecutarse como programa de capacitación y digitalización de MYPES dentro de funciones municipales, pero no puede asegurarse hoy en su totalidad sin ajuste del PIA/PIM o programación presupuestal específica.","Competencia material limitada para alcanzar el resultado de disminución de desnutrición infantil; necesidad de recursos y programación específica en el pliego 150101; la componente de seguridad ciudadana solo puede articularse como apoyo municipal mediante serenazgo y prevención, no como política integral de seguridad o salud.","Requiere una ordenanza o acto de gestión que apruebe el programa, ajuste del PIA/PIM del pliego 150101 y, para la parte nutricional, convenios de articulación con entidades competentes; alternativamente, su implementación completa podría programarse en el siguiente ejercicio fiscal con asignación presupuestal específica.",Ley Orgánica de Municipalidades - Ley N.° 27972: https://www.congreso.gob.pe/Docs/DGP/DIDP/files/descentralizacion/27972.pdf | Ordenanza N.° 2537 - ROF de la Municipalidad Metropolitana de Lima: https://busquedas.elperuano.pe/dispositivo/NL/2170330-1 | Consulta Amigable MEF - Pliego 150101: https://apps5.mineco.gob.pe/ | Transparencia MML: https://www.transparencia.gob.pe/enlaces/pte_transparencia_enlaces.aspx?id_entidad=1434&id_tema=5&ver=D
Requiere condiciones previas,economia,Frentre Popular Agrícola FIA del Perú,"Promover el pleno empleo, eliminando la extrema pobreza mediante la capacitación laboral y el fortalecimiento de la micro, pequeña y mediana empresa.",Promover,Sin plazo definido,"La promesa encaja en la competencia municipal de promoción del desarrollo económico local: el artículo VI del Título Preliminar y el artículo 36 de la Ley 27972 permiten a los gobiernos locales promover el desarrollo económico de su circunscripción, con incidencia en la micro y pequeña empresa, y las municipalidades provinciales deben diseñar e implementar planes de desarrollo económico local sostenible (art. 73). Sin embargo, ""promover el pleno empleo"" y ""eliminar la extrema pobreza"" no dependen solo de la MML, porque el empleo formal y la reducción de pobreza exceden la capacidad de ejecución directa municipal; además, la MML opera con un presupuesto restringido en el pliego 150101 y una inversión per cápita de S/ 7.42, el menor del país según el contexto dado. La MML sí puede articular capacitación laboral, ferias, formalización, asistencia técnica y fortalecimiento MYPE mediante sus funciones de desarrollo económico y ordenanzas/servicios vigentes, pero para una meta amplia y sostenida requeriría programación presupuestal y ajustes operativos adicionales.","La MML no controla por sí sola el mercado laboral, la política de empleo ni la erradicación de pobreza extrema; además, la capacidad financiera del pliego 150101 es limitada para una política de gran escala. La parte de ""pleno empleo"" excede la competencia directa municipal y la reducción de pobreza depende de factores intersectoriales y de otras entidades.","Puede habilitarse parcialmente mediante una ordenanza metropolitana y su incorporación al PIA/PIM de la MML, con programas de capacitación, formalización y apoyo a MYPE financiados dentro del pliego 150101 o reprogramados en el siguiente ejercicio fiscal; también podría requerir convenios con entidades nacionales para escalamiento. Sin esos instrumentos previos, la promesa no es ejecutable en su literalidad.",Ley Orgánica de Municipalidades - Ley N.° 27972: https://www.sat.gob.pe/TransparenciaV3/Portals/0/Docs/NormasOtrasEntidades/Ley_Organica_27972.pdf | Ordenanza N.° 2537 - ROF de la MML: https://www.transparencia.gob.pe/enlaces/pte_transparencia_enlaces.aspx?id_entidad=1434&id_tema=5&ver=D | Consulta Amigable MEF - Pliego 150101: https://apps5.mineco.gob.pe/ | Portal institucional MML: https://www.munlima.gob.pe/
Requiere condiciones previas,economia,Fuerza Ciudadana,Programas de formalización comercial.,Programas,Sin plazo definido,"La MML sí tiene competencia para intervenir en formalización comercial cuando se trata de comercio ambulatorio y licencias de apertura de establecimientos comerciales, industriales y profesionales, conforme a la Ley 27972, artículo 79.1.3 y funciones vinculadas al control del comercio ambulatorio; además, la Ordenanza N.° 1933-MML regula el comercio ambulatorio en Lima Metropolitana. Sin embargo, la promesa es genérica y para convertirla en un programa operativo requiere instrumentos de gestión, definición presupuestal y, según el diseño, una habilitación normativa o ajustes en el PIA/PIM del pliego 150101. El contexto presupuestal es restrictivo: el pliego 150101 tiene una inversión per cápita de S/ 7.42, la menor del país, por lo que la ejecución masiva sin reprogramación o priorización específica no es inmediata.","No existe una obligación legal específica de lanzar un nuevo programa con ese nombre; además, la escala real de implementación depende de disponibilidad presupuestal del pliego 150101 y de la articulación con el marco regulatorio metropolitano vigente.","Puede habilitarse mediante una ordenanza o mediante ajuste del PIA/PIM del pliego 150101, con asignación expresa de metas, actividades y recursos para sensibilización, asesoría, reubicación o licenciamiento de comerciantes. Si se pretende ampliarlo a una nueva línea de intervención, debería programarse en el siguiente ejercicio presupuestal.",Ley Orgánica de Municipalidades - Ley N.° 27972: https://www.leyes.congreso.gob.pe/Documentos/Leyes/27972.pdf | Ordenanza Municipal N.° 1933-MML: https://www.gob.pe/institucion/munilima/normas-legales/2513251-ordenanza-municipal-n-1933-2016 | Ordenanza N.° 2537 - ROF de la MML: https://busquedas.elperuano.pe/dispositivo/NL/2170330-1 | Municipalidad Metropolitana de Lima - transparencia: https://www.transparencia.gob.pe/enlaces/pte_transparencia_enlaces.aspx?id_entidad=1434&id_tema=5&ver=D
Requiere condiciones previas,economia,Fuerza Popular,Implementación de una ventanilla única digital metropolitana para la simplificación administrativa de licencias de funcionamiento y habilitaciones comerciales.,Implementación,Sin plazo definido,"La propuesta se ubica dentro de las competencias municipales de la MML porque la Ley 27972 faculta a las municipalidades provinciales a normar, regular y otorgar autorizaciones, derechos y licencias, así como a fiscalizar habilitaciones urbanas, y el ROF de la MML asigna a la Gerencia de Desarrollo Urbano y sus subgerencias funciones sobre autorizaciones, licencias de edificación y habilitación urbana. Sin embargo, una ventanilla única digital metropolitana para licencias de funcionamiento y habilitaciones comerciales no aparece como un servicio ya implementado con esa denominación ni como una obligación legal automática; para operar como nuevo canal integral requeriría adecuación normativa interna y de procedimientos, además de soporte presupuestal y tecnológico. El pliego 150101 de la MML tiene un presupuesto per cápita de S/ 7.42, el menor del país, por lo que la ejecución depende de reprogramación, priorización interna o incorporación en el siguiente PIA/PIM, no de una implementación inmediata sin pasos previos.","No existe evidencia de que la MML ya tenga una ventanilla única digital metropolitana integral para licencias de funcionamiento y habilitaciones comerciales en el formato prometido; además, el presupuesto del pliego 150101 es limitado para una nueva plataforma sin reprogramación o financiamiento específico.","Aprobación de una ordenanza metropolitana y/o modificación del ROF y del TUPA para integrar el trámite digital; ajuste del PIA/PIM del pliego 150101 o programación en el siguiente ejercicio fiscal para financiar desarrollo, interoperabilidad y mesa de partes digital; eventualmente convenio operativo con entidades sectoriales si el flujo de evaluación requiere validaciones externas.",Ley Orgánica de Municipalidades - Ley N° 27972: https://www.mef.gob.pe/contenidos/presu_publ/capacita/programacion_formulacion_presupuestal2012/Anexos/ley27972.pdf | Ordenanza N° 2537 - ROF de la Municipalidad Metropolitana de Lima: https://busquedas.elperuano.pe/dispositivo/NL/2170330-1 | Consulta Amigable del MEF: https://apps5.mineco.gob.pe/transparencia/Navegador/default.aspx | Portal de transparencia de la MML: https://www.transparencia.gob.pe/enlaces/pte_transparencia_enlaces.aspx?id_entidad=1434&id_tema=5&ver=D
Requiere condiciones previas,economia,Juntos por el Perú,Simplificar y realizar una formalización ágil a través de la Ventanilla Única Digital Metropolitana y la implementación del Programa de inserción laboral 'Mi Chamba 4.0'.,Simplificar,2027 - 2030,"La Municipalidad Metropolitana de Lima sí tiene competencia para simplificar trámites y regular procedimientos vinculados a habilitaciones urbanas, fiscalización y servicios municipales, conforme al rol de la municipalidad provincial del artículo 79 de la Ley 27972 y al ROF aprobado por Ordenanza 2537. Sin embargo, una ""Ventanilla Única Digital Metropolitana"" y un programa de inserción laboral como ""Mi Chamba 4.0"" no pueden darse por ejecutados solo con la promesa política: requieren definición operativa, cobertura funcional en el ROF y programación presupuestal en el pliego 150101, cuyo marco ya existe pero no acredita por sí solo una nueva expansión del servicio. La propia norma orgánica muestra que la MML coordina, regula y fiscaliza en materias municipales, pero no reemplaza competencias de empleo nacional ni crea empleo masivo por sí sola. El presupuesto del pliego 150101 es limitado y debe sostenerse con reasignación interna, PIA/PIM o una nueva habilitación normativa si el alcance supera los servicios ya vigentes.","El componente de inserción laboral excede una función municipal típica si pretende operar como programa de empleo con alcance amplio; además, la ventanilla digital requiere ajuste funcional y operativo para integrar trámites existentes sin crear nuevos sin soporte normativo y presupuestal. Si se busca una nueva plataforma metropolitana con nueva cartera de servicios, el obstáculo principal es la necesidad de ordenanza y de asignación presupuestal específica en el pliego 150101.","Puede habilitarse mediante ordenanza metropolitana que precise funciones, alcance digital y articulación con los trámites existentes, junto con ajuste del PIA/PIM del pliego 150101 o programación en el siguiente ejercicio fiscal para financiar la plataforma y el programa.",Ley Orgánica de Municipalidades - Ley 27972: https://www.congreso.gob.pe/Docs/DGP/DIDP/files/descentralizacion/27972.pdf | Ordenanza N.° 2537 - ROF de la MML: https://busquedas.elperuano.pe/dispositivo/NL/2170330-1 | Pliego 150101 - Consulta Amigable MEF: https://apps5.mineco.gob.pe/transparencia/Navegador/default.aspx
Requiere condiciones previas,economia,PARTIDO_PATRIOTICO_DEL_PERU,"La ciudad impulsará una política permanente de recuperación económica y fortalecimiento productivo, promoviendo mejores condiciones para emprendedores, comerciantes, trabajadores independientes, pequeñas empresas y sectores productivos, contribuyendo a generar mayores oportunidades de desarrollo para las familias limeñas.",impulsará,Sin plazo definido,"La promesa encaja en la competencia municipal de promoción del desarrollo económico local: el artículo VI del Título Preliminar de la Ley 27972 dispone que los gobiernos locales promueven el desarrollo económico local con incidencia en la MYPE, y el artículo 86.1 les asigna diseñar e implementar el plan estratégico de desarrollo económico local y simplificar licencias y permisos. En la MML, esta acción puede articularse con su ROF aprobado por Ordenanza 2537 y modificatorias, que estructura funciones metropolitanas vinculadas a comercio, fiscalización, mercados y desarrollo urbano, pero el compromiso es genérico y requiere instrumentos operativos para volverse ejecutable. Además, el pliego 150101 tiene una inversión per cápita de S/ 7.42 y es el menor del país, por lo que cualquier expansión de programas de apoyo productivo depende de programación presupuestal y priorización dentro del PIM vigente o del siguiente ejercicio.","No existe una acción específica y autoejecutable en el texto de la promesa; requiere definición de metas, cartera de intervenciones y fuente presupuestal dentro del pliego 150101. La MML no puede sostener resultados económicos amplios si no vincula la política a sus competencias directas (licencias, mercados, comercio ambulatorio, fiscalización, serenazgo, gestión urbana) y a recursos ya asignados.","Puede habilitarse mediante una ordenanza metropolitana que apruebe un plan o programa de desarrollo económico local y, si corresponde, mediante ajuste del PIA/PIM del pliego 150101 o programación en el siguiente ejercicio fiscal. También puede ejecutarse con convenios y articulación con gerencias metropolitanas existentes, siempre que haya disponibilidad presupuestal y metas operativas concretas.",Ley Orgánica de Municipalidades - Ley N.° 27972: https://www.munlima.gob.pe/images/descargas/normas-administrativas/Ley%2027972%20_%20Ley%20Org%C3%A1nica%20de%20Municipalidades.pdf | Ley Orgánica de Municipalidades - texto oficial difundido por MML: https://www.munlima.gob.pe/images/descargas/normas-administrativas/Ley%2027972%20_%20Ley%20Org%C3%A1nica%20de%20Municipalidades.pdf | Ordenanza N.° 2537 - ROF de la Municipalidad Metropolitana de Lima: https://busquedas.elperuano.pe/dispositivo/NL/2170330-1 | Portal de transparencia de la Municipalidad Metropolitana de Lima: https://www.transparencia.gob.pe/enlaces/pte_transparencia_enlaces.aspx?id_entidad=1434&id_tema=5&ver=D
Requiere condiciones previas,economia,PARTIDO_POLITICO_PUEBLO_CONSCIENTE,Implementaremos la plataforma digital 'Lima MYPE'.,Implementaremos,Sin plazo definido,"La promesa de implementar la plataforma digital “Lima MYPE” sí encaja en la competencia municipal de promoción del desarrollo económico local con incidencia en la micro y pequeña empresa, prevista en el artículo 86 de la Ley 27972, que permite diseñar e implementar planes y acciones de apoyo a la actividad empresarial según recursos disponibles. El ROF de la MML, aprobado por Ordenanza 2537 y modificatorias, atribuye a la Gerencia de Desarrollo Económico funciones de promover la actividad económica, empresarial, productiva y comercial en la provincia de Lima, por lo que la materia es municipal. Sin embargo, una plataforma digital nueva supone desarrollo tecnológico, integración de servicios y asignación operativa/presupuestal; sin evidencia de una plataforma ya existente con esa denominación, no puede tratarse como ejecución inmediata sin pasos previos internos. El presupuesto del pliego 150101 de la MML es restringido y su inversión per cápita es la menor del país (S/ 7.42, según el contexto remitido), por lo que la viabilidad depende de priorización en el PIA/PIM o reprogramación interna.","No se acredita una plataforma vigente llamada “Lima MYPE” ni una línea presupuestal específica en el pliego 150101 para su implementación inmediata; además, la creación/puesta en marcha de la herramienta exige desarrollo funcional, soporte tecnológico y asignación de recursos dentro del PIM.","Puede habilitarse mediante ajuste del PIA/PIM del pliego 150101, programación presupuestal del siguiente ejercicio o mediante aprobación interna/ordenanza que formalice el servicio y su cobertura funcional dentro de la Gerencia de Desarrollo Económico.",Ley Orgánica de Municipalidades - Ley 27972: https://www.mef.gob.pe/contenidos/presu_publ/capacita/programacion_formulacion_presupuestal2012/Anexos/ley27972.pdf | Ordenanza N° 2537 - ROF de la MML: https://busquedas.elperuano.pe/dispositivo/NL/2170330-1 | Consulta de normas posteriores al ROF de la MML: https://busquedas.elperuano.pe/dispositivo/NL/2501138-1 | Consulta amigable del MEF: https://www.mef.gob.pe/es/seguimiento-de-la-ejecucion-presupuestal-consulta-amigable
Requiere condiciones previas,economia,Partido Aprista Peruano,Dinamizar el turismo cultural y la puesta en valor del Centro Histórico y los circuitos patrimoniales,Dinamizar,Sin plazo definido,"La promesa encaja en competencias municipales de la MML: la Ley 27972 le permite organizar y sostener centros culturales, promover la protección y difusión del patrimonio cultural dentro de su jurisdicción y fomentar el turismo sostenible en cooperación con otras entidades (art. 73 y funciones específicas provinciales citadas en la norma). Además, el ROF de la MML asigna a la Gerencia de Cultura la función de formular, dirigir, administrar, promover, ejecutar y evaluar actividades culturales, y modificaciones publicadas en 2026 trasladaron competencias patrimoniales y reforzaron la gestión del Centro Histórico. Sin embargo, para “dinamizar” con metas operativas, circuitos, eventos, señalización, intervención urbana o ampliación de servicios suele requerirse programación presupuestal y/o actos de gestión interna en el PIA/PIM del pliego 150101, por lo que no es una acción plenamente ejecutable de inmediato solo con la promesa política. El pliego 150101 de la MML ha sido identificado con la menor inversión per cápita del país (S/ 7.42 en el proyecto de presupuesto 2025), lo que limita la escala de una expansión turística sin reasignaciones o programación posterior.",Limitación presupuestal del pliego 150101 para ampliar intervenciones turísticas y patrimoniales; necesidad de ajustar programación operativa y financiera; eventual dependencia de coordinación con entidades competentes para patrimonio y servicios turísticos.,"Puede habilitarse mediante priorización en el PIA/PIM del pliego 150101, reasignación interna de recursos existentes y, de requerirse expansión de actividades o circuitos, programación en el siguiente ejercicio fiscal mediante la unidad orgánica competente de cultura y Centro Histórico.",Ley N.° 27972 - Ley Orgánica de Municipalidades: https://www.sat.gob.pe/transparenciav2/Normas/descargar/LEY_27972_v3.pdf | Ordenanza N.° 2537 - ROF de la Municipalidad Metropolitana de Lima: https://busquedas.elperuano.pe/dispositivo/NL/2170330-1 | Modificación ROF MML publicada en El Peruano: https://busquedas.elperuano.pe/api/archivo/file/AScjuKSOaCyA-szt2ZJhPW/*/2332057-1.PDF | Modificación ROF MML - Centro Histórico de Lima-PROLIMA: https://busquedas.elperuano.pe/api/archivo/file/E-lMI8EZKLABcuRPsTqol3/*/2266826-1.PDF
Requiere condiciones previas,economia,Partido Morado,Se desarrollará una plataforma digital B2B de abastecimiento agrícola que conectará directamente a los valles productivos de la provincia con los restaurantes formales de la capital.,Se desarrollará,Sin plazo definido,"La MML sí tiene competencia para regular el acopio, distribución, almacenamiento y comercialización de alimentos y bebidas, y para promover mercados de abastos, conforme al artículo 83 de la Ley 27972; por tanto, una plataforma B2B de abastecimiento agrícola puede encajar en sus funciones de abastecimiento y comercialización. Sin embargo, el compromiso exige desarrollar una plataforma digital específica y operarla con alcance provincial, lo que normalmente requiere asignación expresa en el ROF/funciones internas y programación presupuestal en el pliego 150101, cuyo presupuesto de inversión per cápita fue S/ 7.42 y es el menor del país según el proyecto 2025. En el ROF de la MML aprobado por Ordenanza 2537 consta la estructura orgánica, pero el anuncio no identifica una unidad responsable ni una actividad/PIA/PIM vigente para implementar esa solución digital; por ello no puede calificarse como ejecución inmediata ya disponible. La promesa es jurídicamente posible dentro de competencias municipales, pero queda sujeta a habilitación administrativa y presupuestal previa.","No existe en la promesa una actividad ya financiada ni una línea funcional identificada en el ROF para una plataforma B2B; además, el bajo margen presupuestal del pliego 150101 limita su implementación sin reprogramación o priorización interna.","Ordenanza o directiva interna que asigne la función a la unidad competente, incorporación en el PIA/PIM del pliego 150101 o reprogramación presupuestal, y eventualmente convenios con productores, gremios de restaurantes y distritos para la puesta en marcha.",Ley Orgánica de Municipalidades - Ley N.° 27972: https://www.mef.gob.pe/contenidos/presu_publ/capacita/programacion_formulacion_presupuestal2012/Anexos/ley27972.pdf | Ordenanza N.° 2537 de la MML - ROF: https://busquedas.elperuano.pe/dispositivo/NL/2170330-1 | Consulta Amigable MEF - Pliego 150101: https://apps5.mineco.gob.pe/consulta-amigable/
Requiere condiciones previas,economia,Partido Popular Cristiano PPC,"Implementar un Sistema Metropolitano de Empleabilidad Juvenil que articule capacitación, formación técnica, certificación de competencias, intermediación laboral, prácticas preprofesionales, emprendimiento e innovación, en coordinación con el sector privado, la academia y las entidades públicas.",Implementar,Sin plazo definido,"La promesa sí encaja parcialmente con la competencia municipal porque el artículo 82.2.9 de la Ley 27972 permite a la municipalidad promover el desarrollo integral de la juventud y su participación en la vida económica local, y el ROF de la MML incorpora una Subgerencia de Educación, Deportes, Juventud y Recreación. Sin embargo, un sistema que incluya certificación de competencias, formación técnica e intermediación laboral requiere articulación con entidades ajenas a la MML y normalmente convenios, ordenanza o ajuste programático para operar con alcance metropolitano. El pliego 150101 es el más restringido del país en inversión per cápita (S/ 7.42), por lo que la viabilidad inmediata depende de reorientar presupuesto y usar estructuras ya existentes, no de crear un sistema nuevo de gran escala.",Limitación competencial en certificación de competencias y formación técnica formal; necesidad de coordinación externa con entidades públicas y privadas; restricción presupuestal del pliego 150101 para expandir servicios metropolitano-juveniles.,"Puede habilitarse mediante una ordenanza metropolitana que cree o formalice el sistema, más ajuste del PIA/PIM del pliego 150101 o programación en el siguiente ejercicio fiscal; también mediante convenios interinstitucionales con sector privado, academia y entidades públicas para capacitación, prácticas e intermediación.",Ley Orgánica de Municipalidades - Ley N.° 27972: https://www.gob.pe/institucion/jne/normas-legales/8133550-ley-organica-de-municipalidades-ley-n-27972 | Ordenanza N.° 2537 - ROF MML: https://busquedas.elperuano.pe/dispositivo/NL/2170330-1 | Consulta Amigable MEF - Pliego 150101: https://apps5.mineco.gob.pe/transparencia/Navegador/default.aspx | Normativa SENAJU sobre MML: https://juventud.gob.pe/normativa-joven/normativa-regional-provincial-y-local/
Requiere condiciones previas,economia,Partido del Buen Gobierno,Crear distritos de innovación y centros metropolitanos de desarrollo empresarial y transformación digital.,Crear,2030,"La promesa encaja parcialmente con las competencias de la MML porque el artículo 79 de la Ley 27972 permite a la municipalidad provincial planificar el desarrollo urbano y promover proyectos de inversión con externalidades de ámbito provincial, mientras que el artículo 82 reconoce funciones compartidas en educación, cultura, ciencia/tecnología afines y el artículo 83 le permite regular actividades económicas como mercados y comercio. Sin embargo, crear “distritos de innovación” y “centros metropolitanos de desarrollo empresarial y transformación digital” exige una definición territorial, funcional y presupuestal que normalmente requiere ordenanza metropolitana y programación específica en el PIA/PIM; el ROF de la MML aprobado por Ordenanza 2537 organiza funciones, pero no convierte por sí solo la promesa en una operación inmediata. Además, el pliego 150101 de la MML mantiene una inversión per cápita muy baja frente al promedio requerido para infraestructura y servicios de ese tipo, por lo que la ejecución dependería de reasignaciones, priorización en el presupuesto o convenios interinstitucionales.",Limitación presupuestal del pliego 150101 para financiar nuevos hubs o distritos de innovación; necesidad de formalizar competencias operativas mediante ordenanza y de incorporar la intervención al PIA/PIM; posible necesidad de coordinación/convenios para componentes de transformación digital y desarrollo empresarial.,"Aprobación de una ordenanza metropolitana que cree el esquema territorial y de gestión; incorporación de metas y recursos en el PIA/PIM de la MML o en el presupuesto del ejercicio siguiente; en su caso, suscripción de convenios con entidades públicas o privadas para cofinanciar infraestructura, asistencia técnica y transformación digital.",Ley Orgánica de Municipalidades - Ley 27972: https://www.jne.gob.pe/oc/2025/Compendio-de-Legislacion-Electoral/14-Ley-Organica-Municipalidades-Ley-N27972.pdf | Ordenanza N.° 2537 - ROF de la MML: https://busquedas.elperuano.pe/dispositivo/NL/2170330-1 | Consulta Amigable del MEF: https://apps5.mineco.gob.pe/transparencia/Navegador/default.aspx
Requiere condiciones previas,economia,Perú Libre,"Implementar y adaptar las calles, lozas u otros espacios públicos con elementos de pintura, señales, conos u otros que permitan a los comerciantes utilizar los espacios públicos para que con las normas y las exigencias sanitarias nuestros emprendedores puedan desarrollar de manera segura sus actividades comerciales.",Implementar y adaptar,Sin plazo definido,"La promesa se ubica dentro de la competencia municipal provincial de Lima sobre comercio ambulatorio y ordenamiento del espacio público: la Ley 27972 atribuye a las municipalidades provinciales establecer normas sobre comercio ambulatorio y a las distritales regularlo conforme a esas normas (art. 83, incs. 1.2 y 3.2). La MML ya tiene base normativa para regular y controlar el comercio ambulatorio mediante ordenanzas metropolitanas, como la Ordenanza N.° 1787-MML, y su ROF la habilita en fiscalización, ornato y gestión urbana; por eso no es ajena a sus funciones. Sin embargo, la propuesta no describe una mera fiscalización sino la implementación material de acondicionamiento de calles, losas u otros espacios con pintura, señales y conos para habilitar uso comercial seguro, lo que requiere acto habilitante específico, delimitación de zonas reguladas y, en la práctica, programación operativa/presupuestal. El pliego 150101 de la MML tiene la restricción de inversión per cápita más baja del país (S/ 7.42, según el contexto provisto), por lo que la ejecución masiva dependería de reasignación o ajuste del PIA/PIM y de una priorización explícita en el ejercicio presupuestal correspondiente.","Necesita delimitación formal de espacios permitidos, coordinación operativa de fiscalización y señalización, y cobertura presupuestal para intervención física de vías o espacios públicos; no basta con la competencia general sobre comercio ambulatorio. Si se pretende ampliar o generalizar la habilitación de espacios, también puede requerir ordenanza o instrumento metropolitano específico para zonificación y reglas de uso.","Aprobación de una ordenanza metropolitana o modificación normativa complementaria que precise zonas reguladas, criterios sanitarios y de seguridad; además, ajuste del PIA/PIM o programación en el presupuesto del siguiente ejercicio para financiar pintura, señalización, conos y mantenimiento.",Ley Orgánica de Municipalidades - Ley N.° 27972: http://www.sat.gob.pe/transparenciav2/Normas/descargar/LEY_27972_v3.pdf | Ordenanza N.° 1787-MML: https://muniate.gob.pe/ate/files/licenciaFuncionamiento/AUTORIZACIONES/Autor-Com-Ambulat/Normativa/BASE-LEGAL-COMERCIO-AMBULATORIO.pdf | Ordenanza N.° 2537-MML: https://busquedas.elperuano.pe/dispositivo/NL/2170330-1
Requiere condiciones previas,economia,Podemos Peru,"Trabajaremos de la mano con los ambulantes, no en su contra. La pandemia y la crisis económica empujó a cientos de familias al comercio ambulatorio. Trabajemos de la mano con los ambulantes y empresarios del CHL, para trasladarlos a galerías vacías y/o espacios temporales.",Trabajaremos,Sin plazo definido,"La promesa se ubica dentro de la competencia metropolitana de regular y controlar el comercio ambulatorio: el artículo 83 de la Ley 27972 reconoce a las municipalidades provinciales la función de establecer normas sobre comercio ambulatorio, y el artículo 9 permite aprobar ordenanzas; además, existe la Ordenanza MML N.° 1787 sobre comercio ambulatorio en espacios públicos de Lima Metropolitana. Sin embargo, el traslado a galerías vacías y/o espacios temporales no se ejecuta automáticamente con el marco vigente: requiere identificación de locales disponibles, coordinación con titulares privados o administradores, y normalmente un acto normativo o administrativo que habilite el esquema, por lo que no es una acción inmediata “hoy” sin pasos previos. En presupuesto, el pliego 150101 de la MML opera con recursos limitados y la inversión per cápita referida es de S/ 7.42, por lo que la implementación masiva dependería de ajuste del PIA/PIM, convenios o reasignaciones específicas dentro de la propia municipalidad.","No existe un mandato automático para ocupar galerías privadas vacías; se requiere voluntad y convenio de los propietarios o administradores. También hay restricción presupuestal y operativa en el pliego 150101 para financiar acondicionamiento, formalización, fiscalización y gestión del traslado sin un mecanismo previo.","Puede habilitarse mediante una ordenanza metropolitana complementaria o mediante convenios específicos con propietarios/administradores de galerías y, de ser necesario, con ajuste del PIA/PIM del pliego 150101 o programación en el siguiente ejercicio fiscal.",Ley Orgánica de Municipalidades - Ley 27972: https://www2.congreso.gob.pe/sicr/cendocbib/con4_uibd.nsf/bcd316201ca9cdca05258100005dbe7a/$file/1_2.compendio-normativo-ot.pdf | Ordenanza N.° 1787-MML: https://www.muniate.gob.pe/wp-content/uploads/2025/06/ORDENANZA-N%C2%B01787.pdf | Ordenanza N.° 1787-MML: https://www.muniate.gob.pe/wp-content/uploads/2026/02/ORDENANZA-N%C2%B0-1787.pdf
Requiere condiciones previas,economia,Progresemos,"Promover la generación de ingresos autónomos y el empleo temporal inclusivo, priorizando a las jefas de hogar y jóvenes en situación de pobreza.",Promover,Sin plazo definido,"La promesa puede encuadrarse en funciones municipales de promoción del desarrollo económico local y apoyo a la generación de empleo, pero no como empleo permanente ni como intervención general en pobreza, porque la MML solo puede actuar dentro de sus competencias locales y mediante sus órganos propios, conforme a la Ley 27972 sobre funciones promotoras y de desarrollo económico local. En Lima Metropolitana esto exige además soporte normativo y operativo del ROF de la MML, y su ejecución depende del presupuesto disponible del pliego 150101, que es restringido; por ello no es una acción automática ni plenamente ejecutable sin habilitación interna. La expresión 'promover' permite diseñar programas temporales inclusivos, pero para materializarlos normalmente se requiere programarlos en el PIA/PIM o en el siguiente ejercicio, y/o aprobar reglas de implementación por ordenanza metropolitana. No es una obligación legal ya impuesta ni una acción que exista como promesa específica con esa meta e ինտencionalidad.","Limitación de competencia: la MML puede promover desarrollo económico local, pero el empleo temporal inclusivo requiere un programa municipal específico y recursos asignados; además, la focalización en jefas de hogar y jóvenes en pobreza exige criterios de selección, padrones y ejecución presupuestal que no se desprenden automáticamente de la normativa general. Sin ajuste presupuestal o instrumento de implementación, la promesa queda sin soporte operativo suficiente en el pliego 150101.","Se podría habilitar mediante una ordenanza metropolitana que cree o precise el programa, más ajuste del PIA/PIM del pliego 150101 o programación para el siguiente ejercicio fiscal; si se financia con recursos ya existentes, debería reorientarse mediante modificación presupuestal interna conforme al marco presupuestario aplicable.",Ley Orgánica de Municipalidades - Ley N.° 27972: https://www.mef.gob.pe/contenidos/presu_publ/capacita/programacion_formulacion_presupuestal2012/Anexos/ley27972.pdf | Ordenanza N.° 2537 - ROF de la Municipalidad Metropolitana de Lima: https://busquedas.elperuano.pe/dispositivo/NL/2170330-1 | MEF - Presupuesto aprobado año 2026: https://www.mef.gob.pe/es/presupuesto-del-sector-publico/aprobacion-presupuestal/nacional-regional-y-local
Requiere condiciones previas,economia,Renovación Popular,"Fortaleceré la Marca del centro histórico de Lima para posicionar a nuestra ciudad en los principales mercados internacionales, impulsando el turismo, la cultura, la gastronomía y el patrimonio como motores de desarrollo económico, generación de empleo y orgullo para todos los limeños.",Fortaleceré,Sin plazo definido,"La promesa cae dentro de competencias municipales porque la Ley 27972 permite a las municipalidades provinciales fomentar el turismo sostenible (art. 82.15), promover la protección y difusión del patrimonio cultural dentro de su jurisdicción (art. 82.12) y promover actividades artísticas y culturales; además, el patrimonio del Centro Histórico se gestiona en la MML mediante PROLIMA y la Gerencia de Cultura según el ROF aprobado por Ordenanza 2537 y sus modificatorias. Sin embargo, “fortalecer la Marca” para posicionar Lima en mercados internacionales no es una acción que pueda ejecutarse solo con el marco ya existente si implica una nueva estrategia formal, campañas, instrumentos de gestión o metas específicas no previstas, y además depende de la disponibilidad presupuestal del pliego 150101, cuya Consulta Amigable del MEF es el canal para verificar PIA/PIM y ejecución. Por tanto, es viable solo si se formaliza dentro de la programación institucional y presupuestal vigente de la MML, no como ejecución inmediata automática.","Necesita definición operativa e institucional de la “Marca” del Centro Histórico, asignación de responsables en PROLIMA/Gerencia de Cultura y cobertura presupuestal específica en el pliego 150101; si se trata de una campaña o estrategia nueva, no se desprende de oficio de las competencias generales.","Puede habilitarse mediante acto de gestión interna y, si requiere gasto específico adicional, mediante ajuste del PIA/PIM del pliego 150101 o programación en el siguiente ejercicio fiscal; si involucra patrimonio cultural, debe alinearse con la estructura y funciones de PROLIMA y la Gerencia de Cultura del ROF MML.","Ley Orgánica de Municipalidades, Ley N.° 27972: https://www.munlima.gob.pe/images/descargas/normas-administrativas/Ley%2027972%20_%20Ley%20Org%C3%A1nica%20de%20Municipalidades.pdf | Ordenanza N.° 2537 – ROF de la MML: https://busquedas.elperuano.pe/dispositivo/NL/2170330-1 | Consulta Amigable del MEF: https://www.mef.gob.pe/es/seguimiento-de-la-ejecucion-presupuestal-consulta-amigable | Ordenanza de modificación del ROF vinculada a PROLIMA: https://busquedas.elperuano.pe/api/visor_html/2266826-1"
Requiere condiciones previas,economia,Somos Perú,"Durante el primer año de gestión se llevará a cabo la implementación del distintivo municipal junto con el registro de formalización, exigiendo a los prestadores de servicios y artesanos la suscripción obligatoria de los protocolos de seguridad y los códigos de conducta contra la explotación infantil (ESNNA).",se llevará a cabo,primer año,"La promesa encaja parcialmente en competencias municipales de Lima Metropolitana: la Ley 27972 permite a las municipalidades provinciales establecer normas sobre comercio ambulatorio y regular actividades comerciales vinculadas a establecimientos artesanales y de servicios, pero no crea por sí sola un “distintivo municipal” ni un registro obligatorio nuevo sin desarrollo normativo interno. El ROF de la MML aprobado por Ordenanza 2537 organiza funciones de fiscalización y gestión metropolitana, lo que habilita a implementar controles y requisitos operativos en sus ámbitos competenciales, pero la exigencia de suscripción obligatoria de protocolos ESNNA para prestadores y artesanos requiere una base regulatoria expresa y un procedimiento administrativo incorporado al marco municipal. Además, la MML opera con el pliego 150101 y la restricción presupuestaria es relevante: no se acredita aquí un crédito específico vigente para crear e implementar ese registro y distintivo en el primer año, por lo que la medida no es ejecutable “hoy” sin ajuste normativo y presupuestal.","Falta base normativa específica para imponer un distintivo municipal y un registro obligatorio nuevo; no se acredita crédito presupuestal vigente del pliego 150101 para diseñar, implementar y fiscalizar el sistema; la promesa excede la mera fiscalización ordinaria si pretende obligar a la suscripción de protocolos ESNNA como requisito general.","Ordenanza metropolitana nueva que cree el distintivo y el registro de formalización, apruebe requisitos, fiscalización y sanciones; incorporación o reajuste en el PIA/PIM del pliego 150101 o programación del gasto en el siguiente ejercicio; eventualmente convenios operativos con entidades competentes en ESNNA para soporte técnico y capacitación, sin trasladar competencias ajenas a la MML.",Ley Orgánica de Municipalidades (Ley 27972): https://jurispol.pe/ley-organica-de-municipalidades-ley-27972/ | Ordenanza N.° 2537 - ROF de la Municipalidad Metropolitana de Lima: https://busquedas.elperuano.pe/dispositivo/NL/2170330-1 | Consulta Amigable del MEF - Pliego 150101: https://apps5.mineco.gob.pe/transparencia/Navegador/default.aspx | Transparencia MML: https://www.transparencia.gob.pe/enlaces/pte_transparencia_enlaces.aspx?id_entidad=1434&id_tema=5&ver=D
Requiere condiciones previas,economia,Visión Perú,"La octava acción será aplicar incentivos al buen contribuyente, descuentos por pronto pago, fraccionamiento razonable para deudores en situación vulnerable y facilidades de pago mediante billeteras digitales, banca móvil, agentes autorizados, plataformas municipales y atención descentralizada en distritos.",aplicar,Sin plazo definido,"La MML sí tiene competencia para establecer incentivos por pronto pago, descuentos y fraccionamiento de deudas tributarias municipales, porque la Ley 27972 habilita a las municipalidades a administrar sus tributos, arbitrios, tasas y a regular facilidades de pago, y el ROF de la MML organiza esa función recaudadora y de administración tributaria. Sin embargo, la promesa agrega canales específicos de pago y atención descentralizada que dependen de implementación operativa, integración tecnológica y, en algunos casos, ajustes normativos o de gestión interna; además, el pliego 150101 opera con presión presupuestal, con inversión per cápita de S/ 7.42, por lo que la expansión de medios de pago y atención requiere programación y cobertura financiera. Si la medida busca beneficios tributarios concretos para 2026, la práctica municipal muestra que estos regímenes suelen aprobarse mediante ordenanza anual/metropolitana y no como simple anuncio ejecutivo.","No puede ejecutarse integralmente como simple decisión de campaña: los incentivos y fraccionamientos requieren habilitación normativa específica si no están ya vigentes, y la ampliación de billeteras digitales, banca móvil, agentes y atención descentralizada exige integración con sistemas de recaudación, convenios operativos y presupuesto del pliego 150101.",Ordenanza metropolitana específica o modificación del régimen tributario vigente; adecuación del TUPA y de los procedimientos de recaudación; coordinación operativa con el SAT/tesorería municipal y programación presupuestal en el PIA/PIM o en el siguiente ejercicio fiscal para habilitar canales digitales y atención descentralizada.,Ley Orgánica de Municipalidades - Ley N.° 27972: https://www.miraflores.gob.pe/Gestorw3b/files/pdf/5003-398-leyorganicamunicipalidades27972.pdf | Ordenanza N.° 2537 - ROF de la Municipalidad Metropolitana de Lima: https://busquedas.elperuano.pe/dispositivo/NL/2170330-1 | Consulta de presupuesto del pliego 150101 - MML: https://apps5.mineco.gob.pe/ | Publicaciones de beneficios tributarios municipales: https://busquedas.elperuano.pe/api/archivo/file/3S9JTS-Iahv8UxKq2MdzBt/*/2490713-1.PDF
